Time,Left Eye Yaw,Right Eye Yaw,Left Pitch,Right Pitch
0.3733333, -0.3736725, 4.591339,-12.69083,-10.40722
0.4296279, -0.3738251, 4.59137,-12.6988,-10.41527
0.48446, -0.3676605, 4.604446,-12.68551,-10.37727
0.5402372, -0.368103, 4.604553,-12.6908,-10.38327
0.5955153, -0.1034698, 4.760117,-12.56364,-10.28972
0.6511359, -0.1035767, 4.760117,-12.56023,-10.28689
0.7067608, -0.1008606, 4.613495,-12.60464,-10.40714
0.7620384, -0.1007233, 4.613373,-12.61111,-10.41348
0.8220185, -0.2058563, 4.596527,-12.67187,-10.47734
0.8736173, -0.205719, 4.596603,-12.6783,-10.48345
0.9291328, -0.2480164, 4.711716,-12.72827,-10.28359
0.9846143, -0.2478333, 4.711685,-12.72041,-10.27604
1.044037, -0.03266907, 4.608887,-12.71784,-10.32619
1.10115, -0.03265381, 4.608978,-12.70555,-10.31444
1.156806, -0.2358398, 4.664139,-12.58918,-10.39099
1.212506, -0.2803192, 4.511703,-12.63371,-10.43779
1.267337, -0.2802124, 4.511566,-12.63873,-10.44247
1.323005, -0.02009583, 4.636261,-12.70392,-10.39068
1.378535, -0.02030945, 4.636246,-12.70445,-10.39137
1.434064, 0.02366638, 4.452835,-12.79621,-10.41939
1.489563, 0.02371216, 4.452774,-12.80432,-10.42686
1.545153, -0.02459717, 4.528885,-12.78402,-10.36711
1.600765, -0.02445984, 4.528763,-12.78141,-10.36433
1.656062, 0.03713989, 4.723282,-12.83226,-10.40094
1.711629, 0.03701782, 4.72319,-12.82959,-10.39821
1.767312, 0.08117676, 4.569336,-12.7856,-10.42614
1.822739, 0.0811615, 4.569382,-12.78454,-10.42479
1.878412, -0.1892395, 4.603745,-12.70596,-10.37352
1.93377, -0.1891479, 4.603668,-12.70892,-10.37707
1.989389, -0.2898407, 4.620331,-12.66795,-10.37181
2.044887, -0.2899017, 4.620438,-12.66137,-10.36553
2.100728, 0.09461975, 4.630203,-12.68697,-10.33533
2.156074, 0.09443665, 4.630219,-12.68493,-10.33396
2.211588, 0.007415771, 4.564865,-12.73215,-10.39715
2.26698, 0.007492065, 4.564926,-12.72824,-10.39339
2.322587, -0.08224487, 4.5755,-12.7184,-10.35373
2.378054, -0.08184814, 4.5755,-12.71549,-10.35019
2.433689, 0.1584625, 4.590591,-12.68108,-10.49673
2.489421, 0.1587982, 4.590637,-12.67559,-10.4911
2.54461, 0.1531677, 4.64032,-12.72673,-10.32525
2.600313, 0.1532288, 4.640396,-12.73099,-10.32981
2.656399, 0.1580353, 4.612396,-12.7252,-10.41422
2.711321, 0.1578217, 4.612488,-12.73082,-10.41921
2.766842, -0.1169586, 4.62587,-12.75068,-10.41197
2.822448, -0.1171722, 4.626068,-12.74836,-10.41045
2.877854, -0.1376495, 4.66716,-12.74495,-10.33588
2.933412, -0.1377563, 4.66716,-12.74394,-10.33481
2.989236, -0.162735, 4.654282,-12.64478,-10.41777
3.044664, 0.04501343, 4.669525,-12.67825,-10.38571
3.100072, 0.04536438, 4.669373,-12.68517,-10.39118
3.155679, 0.1265869, 4.640533,-12.6984,-10.40911
3.21134, 0.126709, 4.640594,-12.69543,-10.40623
3.267352, 0.1243134, 4.622894,-12.72186,-10.37215
3.322286, 0.1242523, 4.62294,-12.72608,-10.37611
3.37781, -0.03596497, 4.603607,-12.67053,-10.4574
3.433278, -0.03591919, 4.6035,-12.67204,-10.45911
3.488988, -0.03266907, 4.624176,-12.70069,-10.34274
3.54436, -0.032547, 4.62413,-12.69599,-10.33839
3.59987, 0.1014252, 4.600739,-12.69899,-10.3774
3.655568, 0.1015167, 4.600601,-12.70043,-10.37793
3.710981, 0.2045593, 4.595352,-12.75901,-10.29882
3.766486, 0.2048492, 4.595245,-12.75131,-10.2908
3.822188, 0.161026, 4.742859,-12.75709,-10.48802
3.877633, 0.1611023, 4.742996,-12.74951,-10.48043
3.933193, 0.1894073, 4.592117,-12.69933,-10.4778
3.988786, 0.1896667, 4.591949,-12.69759,-10.47536
4.044378, 0.1757202, 4.623413,-12.8431,-10.38112
4.099782, 0.1759796, 4.62326,-12.8427,-10.38059
4.156077, -0.05728149, 4.625351,-12.75978,-10.37126
4.210875, -0.05741882, 4.625534,-12.73779,-10.35052
4.26636, 0.0244751, 4.627884,-12.70544,-10.41736
4.321774, 0.02464294, 4.627731,-12.70216,-10.41367
4.377449, -0.003143311, 4.612061,-12.78959,-10.44747
4.433453, 0.2013702, 4.60585,-12.81366,-10.40855
4.488434, 0.2014465, 4.605972,-12.80923,-10.4029
4.544085, 0.19841, 4.576859,-12.68752,-10.39739
4.599533, 0.1989288, 4.576675,-12.68864,-10.39806
4.655191, 0.1326294, 4.558395,-12.70587,-10.26931
4.710699, 0.1324921, 4.558517,-12.69702,-10.26029
4.766185, -0.03721619, 4.606659,-12.71226,-10.3585
4.821969, -0.03735352, 4.606674,-12.70886,-10.35508
4.877207, 0.03007507, 4.402145,-12.59926,-10.75307
4.932811, 0.02984619, 4.402298,-12.60187,-10.7551
4.988829, -0.2233276, 4.470825,-12.6952,-10.56146
5.044014, -0.223465, 4.470917,-12.69514,-10.56089
5.099335, 0.1257629, 4.492905,-12.47052,-10.43922
5.154958, 0.125946, 4.492874,-12.46544,-10.43439
5.210986, -0.02372742, 4.569443,-12.70084,-10.46379
5.266133, -0.02351379, 4.569321,-12.70506,-10.46733
5.321558, -0.07479858, 4.562241,-12.73631,-10.34708
5.37737, -0.07472229, 4.562302,-12.73195,-10.34251
5.432682, -0.07073975, 4.467743,-12.76404,-10.31238
5.488097, -0.07070923, 4.467728,-12.77326,-10.32111
5.543875, 0.08500671, 4.43277,-12.6291,-10.33902
5.599477, 0.08502197, 4.43277,-12.63373,-10.3428
5.654777, -0.1190491, 4.533981,-12.62374,-10.3318
5.710351, -0.1190796, 4.534119,-12.62689,-10.33416
5.765808, -0.1201782, 4.455536,-12.75596,-10.26488
5.82143, -0.1200562, 4.45549,-12.75377,-10.26249
5.877017, 0.02519226, 4.550735,-12.70792,-10.32945
5.932529, 0.02536011, 4.550629,-12.71385,-10.33562
5.988041, 0.1588745, 4.594025,-12.75831,-10.3147
6.043636, 0.1590271, 4.593918,-12.7567,-10.31278
6.099129, 0.2390137, 4.475067,-12.68672,-10.32252
6.15481, 0.06895447, 4.579926,-12.68744,-10.2939
6.210292, 0.06874084, 4.580078,-12.69029,-10.29758
6.265689, 0.03771973, 4.564148,-12.74936,-10.18737
6.321299, 0.03804016, 4.564133,-12.75193,-10.18904
6.376871, 0.2718658, 4.532303,-12.61627,-10.2859
6.432344, 0.2717743, 4.532288,-12.61136,-10.2813
6.488556, -0.06381226, 4.550781,-12.65444,-10.29686
6.543507, -0.06361389, 4.550644,-12.65977,-10.30163
6.59915, 0.06326294, 4.554077,-12.62182,-10.29755
6.654308, 0.06312561, 4.554153,-12.6252,-10.30078
6.710085, -0.05862427, 4.522873,-12.63193,-10.27836
6.765563, -0.05848694, 4.522812,-12.63565,-10.28151
6.821016, 0.06518555, 4.510406,-12.73224,-10.33574
6.876687, 0.06515503, 4.510513,-12.72936,-10.33204
6.932185, 0.1656342, 4.617355,-12.67613,-10.31494
6.988434, 0.1655273, 4.61734,-12.67593,-10.31424
7.04343, -0.0826416, 4.535645,-12.67755,-10.38205
7.099048, -0.08273315, 4.535706,-12.67508,-10.37927
7.154317, 0.08125305, 4.536392,-12.75279,-10.30471
7.210057, 0.08119202, 4.536469,-12.74941,-10.30154
7.265518, 0.2116394, 4.616241,-12.7342,-10.29088
7.320926, 0.2116394, 4.61615,-12.73833,-10.29471
7.377266, 0.1707764, 4.585434,-12.67848,-10.32275
7.432165, 0.1707611, 4.585388,-12.68403,-10.3279
7.487768, 0.1941071, 4.55513,-12.72141,-10.32256
7.543086, 0.1940918, 4.555176,-12.71018,-10.31136
7.598846, 0.1798706, 4.530243,-12.7163,-10.32813
7.654255, 0.1797333, 4.53035,-12.7139,-10.3259
7.709872, 0.1471252, 4.55159,-12.76107,-10.37005
7.765547, 0.004623413, 4.538361,-12.75713,-10.376
7.820785, 0.004730225, 4.538162,-12.75354,-10.37184
7.876344, 0.2767792, 4.505875,-12.64489,-10.39846
7.931814, 0.2767792, 4.505859,-12.64138,-10.39523
7.987354, 0.0586853, 4.533447,-12.72323,-10.28482
8.042977, 0.05865479, 4.533401,-12.72355,-10.28502
8.098576, 0.005630493, 4.520325,-12.82382,-10.2945
8.15401, 0.005355835, 4.520279,-12.82604,-10.29657
8.209722, 0.06948853, 4.536591,-12.7688,-10.29898
8.265615, 0.06958008, 4.536484,-12.7734,-10.30311
8.320628, 0.2381439, 4.554703,-12.67438,-10.2238
8.376682, 0.2380371, 4.554886,-12.66756,-10.21751
8.431753, 0.1969299, 4.520554,-12.73538,-10.34239
8.487435, 0.1972504, 4.520416,-12.73979,-10.34552
8.542909, -0.2564087, 4.53688,-12.78186,-10.35846
8.598497, -0.2563477, 4.536942,-12.7792,-10.35587
8.654543, -0.003601074, 4.567001,-12.74544,-10.31449
8.709361, -0.003463745, 4.567062,-12.75278,-10.32088
8.76494, 0.0393219, 4.539581,-12.78119,-10.31241
8.820565, 0.03919983, 4.539536,-12.78038,-10.31189
8.876124, -0.1209564, 4.525284,-12.70563,-10.36909
8.931561, -0.1208954, 4.525314,-12.69913,-10.36306
8.986927, -0.1967773, 4.522476,-12.63404,-10.28468
9.042414, -0.1969757, 4.522507,-12.63235,-10.28259
9.098181, 0.1434937, 4.548416,-12.64947,-10.36585
9.154387, 0.1439362, 4.530441,-12.586,-10.26557
9.209174, 0.1437225, 4.530548,-12.59903,-10.27861
9.264896, 0.01780701, 4.561035,-12.76212,-10.40134
9.320246, 0.01792908, 4.560944,-12.76196,-10.40084
9.375911, 0.2312164, 4.68924,-12.7941,-10.25132
9.436437, 0.2313232, 4.689224,-12.78778,-10.2463
9.495205, 0.08682251, 4.606537,-12.68455,-10.23122
9.550775, 0.08666992, 4.606674,-12.68691,-10.23332
9.606301, 0.0665741, 4.561325,-12.68284,-10.30412
9.661888, 0.06639099, 4.561401,-12.68803,-10.30964
9.717392, 0.1705933, 4.633102,-12.76244,-10.31845
9.772907, 0.170517, 4.633163,-12.76321,-10.31995
9.829243, -0.07833862, 4.509262,-12.88477,-10.3228
9.885494, -0.07832336, 4.509079,-12.8949,-10.33251
9.94208, 0.1147614, 4.574432,-12.71176,-10.33242
9.998193, 0.08454895, 4.574005,-12.70299,-10.36076
10.05338, 0.08454895, 4.574036,-12.70722,-10.36434
10.1089, 0.05743408, 4.450043,-12.71163,-10.27208
10.16455, 0.05764771, 4.44989,-12.71388,-10.27383
10.22, 0.197113, 4.488907,-12.83362,-10.41676
10.2754, 0.1970215, 4.48912,-12.83464,-10.41823
10.33118, 0.08605957, 4.580658,-12.79285,-10.30008
10.38696, 0.08613586, 4.580673,-12.79613,-10.30276
10.44213, 0.2941895, 4.589279,-12.70064,-10.2897
10.49768, 0.2941284, 4.589371,-12.70362,-10.29238
10.55314, 0.06520081, 4.613556,-12.76335,-10.22071
10.60883, 0.06500244, 4.613586,-12.75608,-10.21395
10.66427, 0.2171936, 4.639877,-12.64579,-10.31481
10.71991, 0.2170563, 4.639923,-12.65025,-10.31927
10.77517, 0.03573608, 4.602707,-12.76057,-10.20462
10.83088, 0.03591919, 4.602692,-12.77052,-10.21452
10.88657, 0.1864624, 4.501999,-12.7378,-10.34969
10.94185, 0.1864929, 4.502045,-12.73777,-10.34904
10.99742, -0.0153656, 4.529984,-12.58636,-10.42278
11.05296, -0.01567078, 4.530029,-12.5883,-10.4257
11.10851, -0.3034363, 4.55513,-12.79063,-10.34271
11.16418, -0.3033295, 4.55513,-12.79437,-10.3458
11.21954, 0.1134338, 4.565552,-12.69833,-10.24408
11.27531, 0.1134491, 4.565567,-12.69844,-10.24446
11.33073, -0.002944946, 4.547318,-12.80594,-10.35487
11.38633, -0.002822876, 4.54747,-12.80951,-10.35782
11.44183, 0.1220856, 4.486221,-12.92819,-10.45748
11.49748, 0.1221161, 4.486221,-12.93435,-10.4631
11.55297, 0.06222534, 4.497482,-12.70774,-10.40858
11.60841, -0.06312561, 4.486832,-12.87934,-10.35571
11.66408, -0.06272888, 4.486755,-12.88029,-10.35707
11.71952, 0.01687622, 4.510513,-12.84465,-10.38923
11.77495, 0.01670837, 4.510651,-12.84079,-10.38523
11.83055, 0.06765747, 4.546631,-12.7896,-10.43373
11.88613, 0.06774902, 4.546432,-12.79829,-10.44228
11.94147, 0.09786987, 4.640121,-12.62618,-10.33253
11.99732, 0.09773254, 4.640137,-12.6369,-10.34339
12.05257, 0.2332306, 4.59256,-12.76021,-10.33746
12.10836, 0.2331696, 4.592575,-12.76166,-10.33932
12.16381, 0.04748535, 4.580246,-12.60634,-10.3767
12.2193, 0.04743958, 4.580276,-12.61429,-10.385
12.27524, 0.1699982, 4.532379,-12.80513,-10.47162
12.33045, 0.1702423, 4.532288,-12.79526,-10.46267
12.38582, 0.2948608, 4.654099,-12.73069,-10.36793
12.4414, 0.2945709, 4.65419,-12.73618,-10.37401
12.49699, -0.04211426, 4.517471,-12.6647,-10.39978
12.55342, -0.04251099, 4.517517,-12.67621,-10.41106
12.60811, 0.2046967, 4.563065,-12.72487,-10.35623
12.66362, 0.2046967, 4.563065,-12.72503,-10.35635
12.71904, 0.2046967, 4.582214,-12.83664,-10.34848
12.77463, 0.2048035, 4.58226,-12.82922,-10.34198
12.83027, 0.151474, 4.64856,-12.77172,-10.39159
12.88576, 0.1513367, 4.648834,-12.77012,-10.39109
12.94147, 0.09475708, 4.638824,-12.71844,-10.34264
12.99687, 0.09486389, 4.638992,-12.71708,-10.34119
13.05229, -0.05307007, 4.568939,-12.76987,-10.39502
13.10783, -0.05314636, 4.568954,-12.77272,-10.39785
13.16348, 0.1298523, 4.475906,-12.74204,-10.35833
13.21891, 0.129837, 4.475861,-12.74195,-10.35899
13.27442, 0.09274292, 4.55191,-12.78922,-10.34227
13.33006, 0.09269714, 4.55188,-12.7989,-10.35139
13.38551, 0.1736755, 4.51976,-12.68477,-10.46053
13.44114, 0.1734009, 4.519806,-12.69442,-10.47011
13.49669, -0.02641296, 4.687134,-12.77528,-10.36069
13.55225, 0.002761841, 4.624191,-12.74848,-10.3073
13.60777, 0.002761841, 4.624329,-12.74568,-10.30498
13.66335, -0.04612732, 4.533737,-12.70308,-10.43304
13.71893, -0.04603577, 4.533661,-12.70202,-10.43206
13.77434, 0.2597961, 4.622772,-12.74982,-10.41061
13.83043, 0.2597046, 4.622681,-12.74451,-10.40561
13.88533, 0.2117004, 4.559372,-12.8436,-10.34429
13.94098, 0.2114716, 4.559357,-12.84385,-10.34449
13.99648, 0.07458496, 4.598816,-12.77832,-10.35601
14.05196, 0.07499695, 4.598846,-12.76829,-10.34574
14.1076, 7.973969, -2.14006,-13.77197,-11.13505
14.16324, 7.973862, -2.139999,-13.7795,-11.14291
14.21853, 7.968185, -3.070068,-13.63199,-11.59901
14.27414, 7.967834, -3.069916,-13.63932,-11.60641
14.32988, 7.693436, -3.060928,-13.50522,-11.74563
14.38515, 7.693542, -3.061066,-13.50521,-11.74522
14.44084, 7.861115, -3.057983,-13.49663,-11.83945
14.49636, 7.861145, -3.058014,-13.50035,-11.843
14.55192, 8.078827, -2.921936,-13.67626,-11.65693
14.60742, 8.078995, -2.921982,-13.67997,-11.6599
14.66291, 7.931549, -3.049103,-13.75146,-11.77481
14.7183, 7.931549, -3.049225,-13.74355,-11.76786
14.77388, 7.852432, -3.055298,-13.71612,-11.67187
14.8297, 7.85257, -3.055374,-13.70134,-11.65759
14.88511, 7.802856, -3.002228,-13.66362,-11.61256
14.94051, 7.802719, -3.002121,-13.6629,-11.61217
14.99615, 7.725861, -3.024261,-13.63437,-11.76827
15.05178, 7.725861, -3.024292,-13.63533,-11.76895
15.10741, 7.974594, -3.045883,-13.61391,-11.71417
15.16278, 7.974518, -3.045914,-13.62751,-11.72751
15.21827, 7.848236, -3.081009,-13.6343,-11.83257
15.27378, 7.848129, -3.080887,-13.63498,-11.83364
15.32971, 7.782608, -3.060974,-13.74507,-11.75471
15.38488, 7.782822, -3.060928,-13.7298,-11.74027
15.44043, 7.908615, -3.078903,-13.63009,-11.58675
15.49676, 8.010284, -3.19313,-13.66082,-11.86553
15.55146, 8.010193, -3.193207,-13.67277,-11.87667
15.60701, 7.911163, -3.003387,-13.53643,-11.6802
15.66271, 7.910889, -3.003387,-13.53631,-11.68025
15.71825, 7.835968, -3.02655,-13.54464,-11.85517
15.77362, 7.835754, -3.026459,-13.54694,-11.85712
15.82928, 7.818039, -3.00383,-13.50587,-11.78497
15.88474, 7.818222, -3.003937,-13.49774,-11.7771
15.94034, 7.871048, -3.072693,-13.3922,-11.70474
15.99607, 7.870956, -3.072601,-13.38665,-11.69943
16.05131, 7.730087, -3.0392,-13.58177,-11.73405
16.10686, 7.730209, -3.039108,-13.56933,-11.72115
16.16243, 7.740662, -3.001556,-13.55296,-11.70901
16.21783, 7.74025, -3.001526,-13.56934,-11.72466
16.2735, 7.859833, -3.041138,-13.55898,-11.80549
16.32906, 7.859787, -3.041199,-13.56481,-11.81073
16.38447, 7.900833, -3.000229,-13.47721,-11.70802
16.44006, 7.900589, -3.000061,-13.47483,-11.7057
16.49615, 7.803726, -3.004013,-13.68296,-11.60298
16.55114, 7.803772, -3.004089,-13.68979,-11.6092
16.60668, 7.857758, -2.989899,-13.6321,-11.63326
16.66229, 7.85762, -2.98999,-13.63493,-11.63581
16.71768, 7.831314, -3.026138,-13.5225,-11.78587
16.77345, 7.831436, -3.026199,-13.53026,-11.7921
16.82936, 7.781174, -3.012161,-13.60114,-11.71687
16.88435, 7.781265, -3.012177,-13.61169,-11.72618
16.93982, 7.812057, -3.048248,-13.6181,-11.75715
16.99576, 7.812073, -3.048416,-13.62644,-11.76531
17.05101, 7.798004, -3.151108,-13.56827,-11.8358
17.10648, 7.798172, -3.151077,-13.5626,-11.82953
17.16219, 7.834976, -2.991013,-13.68832,-11.66442
17.21759, 7.834808, -2.990921,-13.68456,-11.66111
17.27328, 7.87326, -3.18721,-13.40889,-11.97064
17.32887, 7.87326, -3.187302,-13.40386,-11.96742
17.3842, 7.797821, -3.028412,-13.64603,-11.74261
17.43975, 7.9021, -3.209122,-13.52576,-11.75116
17.49563, 7.902084, -3.209106,-13.5326,-11.75754
17.55098, 7.814072, -3.069855,-13.59975,-11.56269
17.60651, 7.814316, -3.069946,-13.5971,-11.56055
17.662, 7.790741, -3.028137,-13.57513,-11.73295
17.71744, 7.790771, -3.028046,-13.57224,-11.72964
17.77303, 7.618927, -3.126678,-13.73832,-11.83431
17.82864, 7.618988, -3.126694,-13.74259,-11.83823
17.88415, 7.651428, -2.99823,-13.54154,-11.42597
17.93982, 7.651474, -2.998215,-13.53652,-11.42085
17.9954, 7.713348, -3.130676,-13.53025,-11.70986
18.05062, 7.713516, -3.130722,-13.53515,-11.71421
18.10623, 7.698761, -3.140518,-13.55003,-11.66827
18.16202, 7.69838, -3.140396,-13.55226,-11.67142
18.21723, 7.882523, -3.066528,-13.6271,-11.62458
18.27324, 7.882645, -3.066437,-13.63412,-11.63098
18.32849, 7.587326, -3.146378,-13.60508,-11.61552
18.38392, 7.587067, -3.146271,-13.59854,-11.60882
18.4395, 7.657852, -3.010941,-13.61225,-11.68186
18.49525, 7.657639, -3.010757,-13.60628,-11.67681
18.55034, 7.649597, -3.023468,-13.49672,-11.71321
18.60599, 7.649811, -3.023712,-13.49847,-11.7143
18.66178, 7.693192, -2.996689,-13.55762,-11.61918
18.71694, 7.693054, -2.996597,-13.55801,-11.61977
18.77309, 7.614075, -3.10672,-13.64213,-11.80365
18.8283, 7.597595, -3.106552,-13.63848,-11.7301
18.88387, 7.597458, -3.106567,-13.63256,-11.72481
18.93917, 7.634048, -3.108047,-13.55719,-11.72685
18.99482, 7.634125, -3.108185,-13.55618,-11.72558
19.0479, 7.580368, -3.137909,-13.57077,-11.66332
19.10326, 7.580109, -3.137726,-13.5657,-11.65902
19.15874, 7.762177, -3.073853,-13.58378,-11.64462
19.21433, 7.762146, -3.073914,-13.58283,-11.64401
19.27007, 7.630707, -3.22876,-13.60545,-11.75284
19.3254, 7.630692, -3.228806,-13.61206,-11.75918
19.38139, 7.765289, -3.13562,-13.6468,-11.75428
19.43789, 7.765396, -3.135574,-13.65054,-11.7572
19.49399, 7.667923, -3.08139,-13.44868,-11.74088
19.55017, 7.667755, -3.081284,-13.45271,-11.74483
19.60574, 7.670883, -3.106003,-13.44632,-11.74329
19.66159, 7.671249, -3.106079,-13.4461,-11.74334
19.71665, 7.525299, -3.144318,-13.84907,-11.69509
19.77244, 7.524933, -3.144302,-13.8507,-11.69709
19.82777, 7.556976, -3.147034,-13.51122,-11.82202
19.88326, 7.557114, -3.147049,-13.51382,-11.82465
19.93892, 7.501755, -3.168442,-13.5447,-11.80419
19.99441, 7.501694, -3.168411,-13.54312,-11.80204
20.05008, 7.365814, -3.034515,-13.56157,-11.645
20.10556, 7.365646, -3.034424,-13.55669,-11.64073
20.16109, 7.440186, -3.090378,-13.51452,-11.78751
20.21667, 7.439911, -3.090057,-13.51212,-11.78565
20.2722, 7.713242, -3.096558,-13.76463,-11.77628
20.32759, 7.713257, -3.096542,-13.77628,-11.78687
20.38318, 7.549606, -3.071899,-13.6347,-11.67837
20.43872, 7.549545, -3.071976,-13.631,-11.67448
20.49425, 7.536362, -3.069809,-13.61153,-11.79171
20.54985, 7.536301, -3.069946,-13.6048,-11.78526
20.60533, 7.648148, -3.040726,-13.50502,-11.52352
20.66117, 7.57518, -3.080215,-13.55256,-11.6472
20.71639, 7.575226, -3.080322,-13.56237,-11.65535
20.77193, 7.68721, -3.169373,-13.5395,-11.85649
20.82748, 7.687119, -3.169266,-13.53331,-11.85118
20.88297, 7.678101, -3.023117,-13.54477,-11.71222
20.93921, 7.678192, -3.022995,-13.53972,-11.70633
20.99408, 7.625946, -3.224564,-13.57169,-11.73721
21.04966, 7.62616, -3.224792,-13.58188,-11.7466
21.10531, 7.384109, -3.054871,-13.51185,-11.53346
21.16072, 7.384232, -3.054962,-13.51603,-11.53709
21.21636, 7.490616, -3.08107,-13.59827,-11.71283
21.27181, 7.490402, -3.080933,-13.594,-11.70908
21.32727, 7.567352, -3.08577,-13.66962,-11.49172
21.38286, 7.567581, -3.085861,-13.67232,-11.49396
21.43868, 7.378357, -3.2724,-13.51523,-11.73873
21.49387, 7.378281, -3.272354,-13.51414,-11.73837
21.54953, 7.502151, -3.244308,-13.58236,-11.79703
21.60499, 7.501923, -3.244171,-13.57833,-11.79356
21.6607, 7.454697, -3.18045,-13.54277,-11.7428
21.71619, 7.454819, -3.180496,-13.55194,-11.75095
21.77164, 7.467499, -3.069519,-13.6821,-11.6665
21.82744, 7.382523, -3.212952,-13.65015,-11.72566
21.88267, 7.382431, -3.212997,-13.65066,-11.72706
21.93836, 7.605576, -3.157776,-13.60825,-11.81522
21.99372, 7.60585, -3.157898,-13.60519,-11.81251
22.04942, 7.413773, -3.143814,-13.52814,-11.66271
22.10479, 7.413483, -3.14386,-13.54096,-11.67545
22.16033, 7.456757, -3.218826,-13.58259,-11.7368
22.21593, 7.456635, -3.218781,-13.5906,-11.7438
22.27148, 7.480682, -3.066147,-13.5086,-11.8636
22.32705, 7.480591, -3.066132,-13.50866,-11.86422
22.38256, 7.322693, -3.072662,-13.69375,-11.60069
22.43821, 7.322571, -3.072556,-13.69083,-11.59804
22.49349, 7.456146, -3.147293,-13.57108,-11.77511
22.54915, 7.456055, -3.147232,-13.5647,-11.76918
22.60472, 7.341965, -3.203262,-13.47549,-11.75776
22.66021, 7.342316, -3.203461,-13.479,-11.76017
22.71575, 7.360123, -3.137619,-13.56724,-11.7449
22.77121, 7.35994, -3.137482,-13.57413,-11.75242
22.827, 7.65004, -3.193207,-13.48972,-11.71135
22.88234, 7.650253, -3.193298,-13.49329,-11.71386
22.93793, 7.428329, -3.062958,-13.52993,-11.68425
22.99351, 7.428436, -3.063187,-13.5208,-11.67486
23.04917, 7.200684, -3.223602,-13.46494,-11.87965
23.10472, 7.200699, -3.223648,-13.47476,-11.88869
23.16005, 7.325043, -3.112991,-13.51962,-11.67516
23.21573, 7.324951, -3.112961,-13.51086,-11.66639
23.2712, 7.273758, -3.0802,-13.63443,-11.6441
23.32671, 7.274124, -3.080505,-13.63981,-11.64834
23.38217, 7.52536, -3.017502,-13.58496,-11.64976
23.43777, 7.52533, -3.017548,-13.59173,-11.65567
23.49362, 7.299377, -3.206299,-13.67171,-11.63922
23.54866, 7.299225, -3.206223,-13.6705,-11.63871
23.6043, 7.223846, -3.333649,-13.46602,-11.92059
23.65986, 7.22403, -3.333817,-13.47922,-11.93347
23.7154, 7.24585, -3.197113,-13.51603,-11.78916
23.77084, 7.245895, -3.197098,-13.50683,-11.78057
23.82654, 7.439301, -3.184586,-13.46797,-11.73997
23.88231, 7.368774, -3.24971,-13.60934,-11.7425
23.93749, 7.36853, -3.249542,-13.60811,-11.74221
23.99341, 7.572098, -3.130753,-13.65429,-11.65925
24.04886, 7.571777, -3.130463,-13.64322,-11.64917
24.10419, 15.29514, -10.74512,-15.65845,-13.6522
24.15962, 15.29504, -10.74524,-15.6613,-13.65381
24.21531, 15.83565, -11.36987,-15.77855,-13.17134
24.27069, 15.83534, -11.36983,-15.77022,-13.16354
24.32638, 15.60173, -11.42377,-15.87336,-13.24929
24.38198, 15.60178, -11.42361,-15.85704,-13.23304
24.43744, 15.60094, -11.44846,-15.93428,-13.4406
24.49312, 15.60112, -11.44855,-15.937,-13.44328
24.54836, 15.62518, -11.42885,-15.70206,-13.46499
24.60403, 15.62508, -11.42879,-15.70524,-13.46762
24.65969, 15.70821, -11.39728,-15.87797,-13.39828
24.71515, 15.70839, -11.3972,-15.87132,-13.39135
24.77089, 15.40816, -11.35915,-15.85221,-13.4449
24.82612, 15.40799, -11.35893,-15.84612,-13.44052
24.88183, 15.67632, -11.37022,-15.89703,-13.53327
24.93713, 15.67619, -11.37003,-15.89153,-13.52965
24.99271, 15.49738, -11.47267,-15.85872,-13.40789
25.04848, 15.4975, -11.47278,-15.85598,-13.40544
25.10423, 15.69112, -11.15219,-15.92047,-13.05145
25.15957, 15.69156, -11.15244,-15.94041,-13.06821
25.21503, 15.49599, -11.36359,-15.79604,-13.39628
25.27075, 15.49597, -11.36372,-15.80303,-13.40255
25.32611, 15.66351, -11.31213,-15.89495,-13.26582
25.38186, 15.66339, -11.31201,-15.89963,-13.26962
25.43714, 15.61211, -11.38255,-15.79543,-13.36681
25.49261, 15.61217, -11.38257,-15.78958,-13.3623
25.5484, 15.41879, -11.24011,-15.78851,-13.18487
25.60361, 15.41902, -11.2402,-15.79563,-13.19124
25.65914, 15.39424, -11.42801,-15.74408,-13.30839
25.71587, 15.40187, -11.45485,-15.78197,-13.42489
25.77025, 15.40227, -11.45488,-15.78196,-13.42461
25.8258, 15.40157, -11.40593,-15.87983,-13.5849
25.8814, 15.40157, -11.40591,-15.89979,-13.60332
25.93681, 15.27194, -11.4399,-15.97394,-13.68425
25.99248, 15.27214, -11.44003,-15.97526,-13.68539
26.0482, 15.39319, -11.48137,-15.82961,-13.68969
26.1034, 15.39308, -11.48126,-15.8207,-13.68104
26.15911, 15.33058, -11.51059,-15.89077,-13.58455
26.21473, 15.33017, -11.51042,-15.88728,-13.58171
26.27002, 15.33954, -11.41127,-15.81617,-13.47339
26.3259, 15.33939, -11.41121,-15.82261,-13.47939
26.38121, 15.35152, -11.45944,-15.76846,-13.71937
26.43677, 15.35167, -11.45946,-15.7693,-13.71979
26.4923, 15.29489, -11.5114,-15.84347,-13.74758
26.5479, 15.2948, -11.51141,-15.84578,-13.75005
26.60329, 15.29242, -11.43866,-15.95617,-13.77298
26.65883, 15.29265, -11.43877,-15.96297,-13.77884
26.71437, 15.37659, -11.38036,-15.99099,-13.43627
26.76989, 15.37665, -11.38045,-16.00897,-13.45251
26.82557, 15.29077, -11.6734,-15.88248,-13.76048
26.88114, 15.29103, -11.67345,-15.89561,-13.77144
26.93656, 15.26967, -11.47377,-15.75467,-13.68228
26.99217, 15.26971, -11.4738,-15.75925,-13.68612
27.04795, 15.32228, -11.43718,-15.77755,-13.52508
27.10348, 15.32199, -11.4371,-15.78564,-13.53201
27.15861, 15.22552, -11.49998,-15.92378,-13.60046
27.21428, 15.33586, -11.49792,-15.77643,-13.71119
27.26964, 15.33606, -11.49797,-15.77375,-13.708
27.32531, 15.25359, -11.40341,-15.70806,-13.54575
27.38093, 15.25368, -11.40344,-15.71187,-13.5482
27.43623, 15.19695, -11.45563,-15.81754,-13.60675
27.49189, 15.19685, -11.45576,-15.8259,-13.61319
27.54748, 15.36635, -11.52686,-15.6687,-13.56257
27.60326, 15.36632, -11.52687,-15.67316,-13.56685
27.65853, 15.21725, -11.47398,-15.86264,-13.93916
27.7142, 15.21703, -11.47382,-15.85574,-13.93259
27.76952, 15.20174, -11.43466,-15.88523,-13.83522
27.82522, 15.20181, -11.43471,-15.87717,-13.82635
27.88069, 15.17329, -11.48225,-15.87607,-13.55508
27.93627, 15.17313, -11.48216,-15.88693,-13.56559
27.99203, 15.22192, -11.5072,-15.94026,-13.37395
28.04746, 15.22197, -11.50734,-15.9578,-13.38965
28.10293, 15.12444, -11.47128,-15.83281,-13.55532
28.15842, 15.06433, -11.56218,-15.91158,-13.90842
28.21414, 15.06441, -11.56226,-15.91723,-13.91322
28.26936, 15.1219, -11.44768,-15.85707,-13.61415
28.32501, 15.12183, -11.4476,-15.86334,-13.61916
28.38092, 15.16666, -11.4803,-15.77201,-13.63199
28.43603, 15.16646, -11.48033,-15.77871,-13.638
28.49185, 15.14252, -11.42729,-15.81179,-13.57596
28.54936, 15.14223, -11.4272,-15.81242,-13.57634
28.59973, 15.08652, -11.53174,-15.87754,-13.55065
28.65538, 15.08636, -11.53165,-15.87371,-13.54787
28.71079, 15.10724, -11.55214,-15.82933,-13.62718
28.76635, 15.10774, -11.55231,-15.83488,-13.63202
28.82192, 15.18965, -11.50119,-15.8756,-13.64281
28.8773, 15.18977, -11.50127,-15.87711,-13.64376
28.93373, 15.16431, -11.54884,-15.78881,-13.64211
28.99008, 15.16441, -11.54871,-15.78341,-13.63675
29.04662, 15.05017, -11.53448,-15.83804,-13.52575
29.1025, 15.09982, -11.50949,-15.72542,-13.72833
29.15796, 15.0999, -11.50957,-15.72579,-13.72857
29.21391, 15.05557, -11.55698,-15.7136,-13.65687
29.26908, 15.05557, -11.55695,-15.72112,-13.6632
29.32459, 15.00868, -11.61749,-15.85634,-13.60094
29.38066, 15.00854, -11.61748,-15.85766,-13.60274
29.43575, 15.14281, -11.65422,-15.8129,-13.59312
29.49133, 15.14281, -11.65419,-15.82125,-13.60145
29.54695, 14.9861, -11.77562,-15.85033,-13.72568
29.60227, 14.98639, -11.77574,-15.8471,-13.72098
29.65785, 15.06345, -11.58023,-15.87241,-13.54082
29.71357, 15.06355, -11.58025,-15.86589,-13.53423
29.7689, 14.96385, -11.64774,-15.78171,-13.53992
29.82447, 14.96393, -11.64784,-15.79125,-13.54781
29.88013, 14.99702, -11.58173,-15.78867,-13.69152
29.9355, 14.99695, -11.5816,-15.78326,-13.68663
29.99138, 15.02528, -11.71123,-15.72608,-13.58887
30.04696, 15.02544, -11.71132,-15.7366,-13.5969
30.10222, 15.02676, -11.74696,-15.73676,-13.59842
30.15812, 15.0265, -11.74693,-15.73934,-13.60077
30.21354, 14.9953, -11.77582,-15.9333,-13.72955
30.2689, 14.99547, -11.7758,-15.93628,-13.7318
30.32435, 14.98555, -11.56897,-15.95381,-13.65557
30.37988, 14.98531, -11.56883,-15.94601,-13.64739
30.43536, 14.92336, -11.64107,-15.8978,-13.59336
30.49093, 14.92329, -11.64093,-15.9026,-13.59674
30.54638, 15.01965, -11.64539,-15.84992,-13.58325
30.60195, 15.01999, -11.64558,-15.85675,-13.5902
30.65761, 14.99507, -11.61427,-15.84429,-13.76432
30.71302, 14.9948, -11.61433,-15.85098,-13.77046
30.76858, 14.83424, -11.6044,-15.85024,-13.37773
30.82421, 14.91925, -11.67879,-15.80167,-13.60193
30.87984, 14.91922, -11.67874,-15.79567,-13.59708
30.93517, 14.99422, -11.68433,-15.82901,-13.63014
30.99078, 14.99438, -11.68437,-15.80832,-13.61123
31.0467, 14.92709, -11.79881,-15.87566,-13.86512
31.10186, 14.92725, -11.79895,-15.87054,-13.85858
31.1575, 14.85107, -11.6734,-15.92699,-13.73781
31.21295, 14.85103, -11.67343,-15.91546,-13.72921
31.26852, 14.89832, -11.6449,-15.92512,-13.59194
31.32395, 14.89836, -11.64485,-15.9152,-13.58299
31.3795, 14.84114, -11.60539,-15.94444,-13.52753
31.4351, 14.84094, -11.6053,-15.95081,-13.53387
31.49045, 14.82048, -11.77345,-15.81699,-13.56663
31.54621, 14.82051, -11.77351,-15.80594,-13.55582
31.60165, 14.94225, -11.57661,-15.84128,-13.38329
31.65719, 14.94209, -11.5766,-15.83529,-13.37833
31.71283, 14.7764, -11.63329,-15.83928,-13.67012
31.76836, 14.77638, -11.63329,-15.84246,-13.67365
31.82388, 14.82855, -11.6433,-15.81169,-13.69259
31.87939, 14.82843, -11.64314,-15.80358,-13.685
31.93517, 14.86198, -11.61717,-15.85464,-13.69241
31.99039, 14.8625, -11.61732,-15.84984,-13.68757
32.04622, 14.95854, -11.66391,-15.89169,-13.89516
32.10153, 14.95857, -11.66377,-15.8878,-13.8922
32.15697, 15.03307, -11.81413,-15.70479,-13.97666
32.21257, 15.03319, -11.8141,-15.68983,-13.96387
32.2681, 14.73613, -11.67751,-15.81413,-13.91245
32.32359, 14.73587, -11.67732,-15.80227,-13.90353
32.37914, 14.79036, -11.66965,-15.77239,-13.86175
32.43479, 14.80969, -11.58641,-15.80346,-13.53055
32.49023, 14.8094, -11.5864,-15.8049,-13.53347
32.5458, 14.75955, -11.73561,-15.82091,-13.83168
32.60124, 14.75949, -11.73561,-15.81679,-13.82716
32.65679, 14.89082, -11.65007,-15.7498,-13.51274
32.71248, 14.89059, -11.65009,-15.74114,-13.50456
32.76796, 14.67363, -11.57164,-15.87619,-13.67015
32.82351, 14.67345, -11.57167,-15.89067,-13.68313
32.87896, 14.68481, -11.70984,-15.8051,-13.77549
32.9346, 14.68475, -11.70982,-15.80465,-13.77443
32.99003, 14.80638, -11.69449,-15.80617,-13.74016
33.04572, 14.80621, -11.69449,-15.80017,-13.73434
33.10111, 14.80002, -11.69946,-15.80385,-13.68999
33.1568, 14.79982, -11.69948,-15.81038,-13.6971
33.21223, 14.66034, -11.72276,-15.89356,-13.70928
33.26775, 14.66008, -11.72282,-15.88993,-13.70616
33.3235, 14.71086, -11.58476,-15.94121,-13.72131
33.37878, 14.71069, -11.58479,-15.93893,-13.71983
33.43438, 14.92906, -11.74901,-15.74232,-13.72447
33.48986, 14.92886, -11.74908,-15.74072,-13.72297
33.54545, 14.54324, -11.71394,-15.91136,-13.74765
33.60099, 14.54305, -11.714,-15.91037,-13.74796
33.657, 14.72711, -11.78122,-15.83764,-13.80789
33.71244, 14.6398, -11.81442,-15.9552,-13.8378
33.76763, 14.63963, -11.8145,-15.94617,-13.82941
33.82321, 14.59241, -11.67842,-15.93423,-13.89868
33.87864, 14.59216, -11.67856,-15.92876,-13.89277
33.93422, 14.70203, -11.78667,-15.8878,-13.74786
33.98967, 14.70192, -11.78674,-15.89384,-13.75292
34.0453, 15.70804, -13.06274,-15.89098,-13.74068
34.10099, 15.70784, -13.06285,-15.89896,-13.74809
34.15638, 20.62335, -21.30281,-20.13755,-18.9184
34.21196, 20.62326, -21.30289,-20.13603,-18.91765
34.26748, 20.36034, -21.19809,-21.07763,-18.46457
34.3229, 20.36032, -21.19816,-21.07082,-18.45792
34.37836, 20.23553, -21.15034,-21.25465,-18.19583
34.43413, 20.23553, -21.15034,-21.25465,-18.19583
34.48981, 20.28032, -21.26693,-21.07779,-18.45205
34.54507, 20.28032, -21.26693,-21.07779,-18.45205
34.60069, 20.39604, -21.1862,-21.08917,-18.35415
34.65614, 20.39604, -21.1862,-21.08917,-18.35415
34.71179, 20.35747, -21.2021,-21.16288,-18.62874
34.76726, 20.35747, -21.2021,-21.16288,-18.62874
34.82275, 20.34111, -21.1797,-21.17475,-18.08446
34.87841, 20.34111, -21.1797,-21.17475,-18.08446
34.93387, 20.45186, -21.07603,-21.07081,-18.23415
34.98941, 20.45186, -21.07603,-21.07081,-18.23415
35.04484, 20.38922, -21.06522,-21.01551,-18.29617
35.10069, 20.38922, -21.06522,-21.01551,-18.29617
35.15592, 20.39923, -21.19164,-21.11673,-18.21833
35.21157, 20.22836, -21.04259,-21.28979,-18.19511
35.2675, 20.22836, -21.04259,-21.28979,-18.19511
35.32272, 20.1895, -21.0122,-21.31885,-18.21195
35.37804, 20.1895, -21.0122,-21.31885,-18.21195
35.43397, 20.42503, -20.65025,-21.19525,-17.59419
35.4892, 20.42503, -20.65025,-21.19525,-17.59419
35.54478, 20.40207, -21.07471,-21.15411,-18.01971
35.60049, 20.40207, -21.07471,-21.15411,-18.01971
35.65585, 20.49889, -20.79401,-21.04615,-17.85436
35.71128, 20.49889, -20.79401,-21.04615,-17.85436
35.76699, 20.15768, -20.99998,-21.47864,-17.83617
35.82247, 20.15768, -20.99998,-21.47864,-17.83617
35.87793, 20.25325, -21.05586,-21.52327,-18.02899
35.93404, 20.25325, -21.05586,-21.52327,-18.02899
35.98912, 20.38031, -20.94934,-21.28943,-17.76295
36.04452, 20.38031, -20.94934,-21.28943,-17.76295
36.10018, 20.39052, -21.18289,-21.06689,-18.32994
36.15569, 20.39052, -21.18289,-21.06689,-18.32994
36.21112, 20.40446, -21.07365,-21.28913,-18.36142
36.26678, 20.40446, -21.07365,-21.28913,-18.36142
36.32221, 20.44931, -21.12735,-21.1078,-18.2595
36.37798, 20.47804, -21.13206,-21.14608,-18.31145
36.43341, 20.47804, -21.13206,-21.14608,-18.31145
36.48887, 20.48195, -20.8778,-20.87797,-17.80195
36.54432, 20.48195, -20.8778,-20.87797,-17.80195
36.60017, 20.42607, -21.19972,-21.09191,-18.21873
36.65548, 20.42607, -21.19972,-21.09191,-18.21873
36.711, 20.47928, -21.12144,-21.01919,-18.29129
36.76697, 20.47928, -21.12144,-21.01919,-18.29129
36.82213, 20.35179, -21.11372,-21.32211,-18.33251
36.8777, 20.35179, -21.11372,-21.32211,-18.33251
36.93322, 20.53273, -21.1105,-21.029,-18.41521
36.98868, 20.53273, -21.1105,-21.029,-18.41521
37.04414, 20.33151, -21.06799,-21.3001,-18.09035
37.10003, 20.33151, -21.06799,-21.3001,-18.09035
37.15541, 20.39751, -21.26194,-21.06675,-18.50026
37.21089, 20.39751, -21.26194,-21.06675,-18.50026
37.26696, 20.5459, -21.01447,-21.0224,-18.14979
37.32182, 20.5459, -21.01447,-21.0224,-18.14979
37.37751, 20.46039, -21.31818,-20.91338,-18.35331
37.43305, 20.46039, -21.31818,-20.91338,-18.35331
37.48853, 20.45517, -21.3065,-21.24292,-18.34893
37.54402, 20.45517, -21.3065,-21.24292,-18.34893
37.59963, 20.06717, -21.24562,-21.76385,-18.46829
37.65523, 20.06717, -21.24562,-21.76385,-18.46829
37.71069, 20.48703, -21.10011,-21.11727,-18.19749
37.7664, 20.48703, -21.10011,-21.11727,-18.19749
37.82166, 20.47862, -21.15953,-20.92924,-18.32016
37.87738, 20.47862, -21.15953,-20.92924,-18.32016
37.93291, 20.49425, -21.09429,-20.84092,-18.22812
37.99255, 20.49425, -21.09429,-20.84092,-18.22812
38.05326, 20.50151, -21.08581,-20.81775,-18.23093
38.10907, 20.47092, -21.17181,-20.80543,-18.36421
38.16427, 20.47092, -21.17181,-20.80543,-18.36421
38.21997, 20.44446, -21.13563,-20.82411,-18.23079
38.27532, 20.44446, -21.13563,-20.82411,-18.23079
38.33086, 20.42239, -21.236,-20.80726,-18.48131
38.38708, 20.42239, -21.236,-20.80726,-18.48131
38.44337, 20.56981, -21.14919,-20.5464,-18.41221
38.49958, 20.56981, -21.14919,-20.5464,-18.41221
38.55481, 20.50435, -21.19517,-20.82335,-18.54945
38.61043, 20.50435, -21.19517,-20.82335,-18.54945
38.66615, 20.69432, -21.14367,-20.71427,-18.41235
38.72147, 20.69432, -21.14367,-20.71427,-18.41235
38.77713, 20.57257, -21.07066,-20.92301,-18.6227
38.83254, 20.57257, -21.07066,-20.92301,-18.6227
38.88806, 20.53912, -21.27345,-20.81457,-18.61886
38.9435, 20.53912, -21.27345,-20.81457,-18.61886
38.99931, 20.66167, -21.11242,-20.62782,-18.09462
39.05548, 20.66167, -21.11242,-20.62782,-18.09462
39.11018, 20.65323, -21.59657,-20.55531,-18.37591
39.16595, 20.65323, -21.59657,-20.55531,-18.37591
39.22132, 20.53061, -21.29982,-20.69769,-18.26928
39.27687, 20.53061, -21.29982,-20.69769,-18.26928
39.33253, 20.63611, -21.32735,-20.57597,-17.79507
39.38786, 20.63611, -21.32735,-20.57597,-17.79507
39.44335, 20.48634, -21.17465,-20.77462,-17.89696
39.49908, 20.48634, -21.17465,-20.77462,-17.89696
39.55457, 20.52518, -21.3213,-21.12279,-18.20431
39.61003, 20.52518, -21.3213,-21.12279,-18.20431
39.66571, 20.4928, -21.54295,-21.16643,-18.14747
39.72114, 20.4928, -21.54295,-21.16643,-18.14747
39.7766, 20.62483, -21.37094,-20.63248,-18.17498
39.83225, 20.62483, -21.37094,-20.63248,-18.17498
39.88772, 20.63116, -21.47894,-20.61292,-18.43537
39.94343, 20.54877, -21.48891,-20.57476,-18.24868
39.99888, 20.54877, -21.48891,-20.57476,-18.24868
40.0545, 20.59116, -21.55281,-20.56948,-18.14982
40.1102, 20.59116, -21.55281,-20.56948,-18.14982
40.16555, 20.51456, -21.29662,-20.64112,-17.90073
40.22112, 20.51456, -21.29662,-20.64112,-17.90073
40.27655, 20.52289, -21.39248,-20.79433,-18.04906
40.3323, 20.52289, -21.39248,-20.79433,-18.04906
40.38763, 20.61151, -21.33011,-20.57261,-18.07161
40.44323, 20.61151, -21.33011,-20.57261,-18.07161
40.499, 20.38414, -21.55083,-20.91021,-18.188
40.55419, 20.38414, -21.55083,-20.91021,-18.188
40.60965, 20.51253, -21.30981,-20.70245,-17.90277
40.66533, 20.51253, -21.30981,-20.70245,-17.90277
40.72107, 20.56657, -21.34296,-20.70196,-17.96409
40.77628, 20.56657, -21.34296,-20.70196,-17.96409
40.8321, 20.38193, -21.2614,-20.90641,-18.18892
40.88742, 20.38193, -21.2614,-20.90641,-18.18892
40.94289, 20.46159, -21.18182,-20.69581,-17.85193
40.99882, 20.46159, -21.18182,-20.69581,-17.85193
41.05408, 20.36157, -21.4433,-20.90284,-18.18857
41.10984, 20.36157, -21.4433,-20.90284,-18.18857
41.1654, 20.41414, -21.33606,-20.8419,-17.94565
41.22158, 20.41414, -21.33606,-20.8419,-17.94565
41.27612, 20.51614, -21.38607,-20.66004,-18.10452
41.33193, 20.51614, -21.38607,-20.66004,-18.10452
41.38732, 20.56308, -21.61514,-20.58054,-18.11899
41.4427, 20.56308, -21.61514,-20.58054,-18.11899
41.49839, 20.36597, -21.41966,-20.76878,-18.05694
41.55397, 20.36597, -21.41966,-20.76878,-18.05694
41.60943, 20.29683, -21.24931,-20.85663,-17.87492
41.66499, 20.29683, -21.24931,-20.85663,-17.87492
41.72066, 20.4417, -21.37103,-20.88633,-17.78078
41.77597, 20.4417, -21.37103,-20.88633,-17.78078
41.8316, 20.52866, -21.45996,-20.72779,-18.19756
41.88747, 20.65575, -21.45898,-20.47125,-18.28392
41.94323, 20.65575, -21.45898,-20.47125,-18.28392
41.99899, 20.65128, -21.43751,-20.50561,-18.08772
42.05368, 20.65128, -21.43751,-20.50561,-18.08772
42.10952, 20.72957, -21.50335,-20.48042,-18.04903
42.16478, 20.72957, -21.50335,-20.48042,-18.04903
42.22053, 20.64087, -21.35647,-20.35379,-17.93563
42.27578, 20.64087, -21.35647,-20.35379,-17.93563
42.33144, 20.3851, -21.4483,-20.81253,-18.29105
42.387, 20.3851, -21.4483,-20.81253,-18.29105
42.44297, 20.61089, -21.45982,-20.43558,-18.07177
42.4982, 20.61089, -21.45982,-20.43558,-18.07177
42.55352, 20.47961, -21.60828,-20.63055,-18.33773
42.60909, 20.47961, -21.60828,-20.63055,-18.33773
42.66473, 20.51366, -21.51569,-20.61344,-17.99509
42.72021, 20.51366, -21.51569,-20.61344,-17.99509
42.77564, 20.49883, -21.57079,-20.72541,-18.00957
42.83115, 20.49883, -21.57079,-20.72541,-18.00957
42.88667, 20.48167, -21.30003,-20.70276,-17.99302
42.94221, 20.48167, -21.30003,-20.70276,-17.99302
42.99784, 20.35385, -21.64898,-20.91113,-18.29199
43.05353, 20.35385, -21.64898,-20.91113,-18.29199
43.10885, 20.44931, -21.32545,-20.73779,-18.42546
43.1644, 20.44931, -21.32545,-20.73779,-18.42546
43.2202, 20.57857, -21.38956,-20.68544,-18.01371
43.27545, 20.57857, -21.38956,-20.68544,-18.01371
43.33109, 20.4267, -21.45242,-20.70791,-18.21614
43.38686, 20.4267, -21.45242,-20.70791,-18.21614
43.44209, 20.55424, -21.44202,-20.51938,-18.22362
43.49767, 20.55424, -21.44202,-20.51938,-18.22362
43.55312, 20.44249, -21.57437,-21.35681,-17.89779
43.60875, 20.44249, -21.57437,-21.35681,-17.89779
43.66423, 20.31625, -21.60133,-21.35796,-18.15605
43.71977, 20.31625, -21.60133,-21.35796,-18.15605
43.77534, 20.33588, -21.43472,-21.4518,-18.13616
43.83093, 20.33588, -21.43472,-21.4518,-18.13616
43.88639, 20.39713, -21.45799,-21.29897,-18.06413
43.9421, 20.38657, -21.41406,-21.30599,-18.08382
43.99763, 20.38657, -21.41406,-21.30599,-18.08382
44.05308, 19.64526, -20.42583,-19.82063,-18.77395
44.10869, 19.64526, -20.42583,-19.82063,-18.77395
44.164, -0.06399536, 2.327652,-11.7923,-10.87689
44.21971, -0.06399536, 2.327652,-11.7923,-10.87689
44.27511, -2.668686, 4.211273,-12.57625,-10.20774
44.33075, -2.668686, 4.211273,-12.57625,-10.20774
44.38618, -2.5914, 4.089432,-12.72873,-10.66385
44.44181, -2.5914, 4.089432,-12.72873,-10.66385
44.49726, -2.821121, 4.106079,-12.73182,-10.53687
44.55289, -2.821121, 4.106079,-12.73182,-10.53687
44.60843, -2.901199, 4.203873,-12.78206,-10.33064
44.66384, -2.901199, 4.203873,-12.78206,-10.33064
44.71946, -2.842117, 4.224686,-12.57924,-10.31107
44.77505, -2.842117, 4.224686,-12.57924,-10.31107
44.83045, -2.864182, 4.256744,-12.62524,-10.23712
44.88609, -2.864182, 4.256744,-12.62524,-10.23712
44.94157, -2.810135, 4.23912,-12.68333,-10.29025
44.99732, -2.810135, 4.23912,-12.68333,-10.29025
45.05277, -2.76297, 4.268112,-12.6036,-10.29101
45.10859, -2.76297, 4.268112,-12.6036,-10.29101
45.16377, -2.943848, 4.396301,-12.58253,-10.29196
45.2195, -2.943848, 4.396301,-12.58253,-10.29196
45.27487, -2.998154, 4.234772,-12.63018,-10.33534
45.33032, -2.998154, 4.234772,-12.63018,-10.33534
45.38599, -2.720154, 4.273834,-12.68754,-10.33058
45.44136, -2.720154, 4.273834,-12.68754,-10.33058
45.49707, -2.729721, 4.230286,-12.67477,-10.09926
45.55286, -2.580521, 4.217728,-12.77561,-10.46266
45.6081, -2.580521, 4.217728,-12.77561,-10.46266
45.66357, -2.724304, 4.250107,-12.75072,-10.37974
45.71914, -2.724304, 4.250107,-12.75072,-10.37974
45.77468, -2.7677, 4.190384,-12.74986,-10.34424
45.8302, -2.7677, 4.190384,-12.74986,-10.34424
45.88696, -2.729004, 4.315109,-12.70647,-10.39035
45.93814, -2.729004, 4.315109,-12.70647,-10.39035
45.99378, -2.70694, 4.240631,-12.71862,-10.47772
46.04938, -2.70694, 4.240631,-12.71862,-10.47772
46.10502, -2.521011, 4.221664,-12.75046,-10.43323
46.16085, -2.521011, 4.221664,-12.75046,-10.43323
46.21587, -2.985779, 4.184753,-12.688,-10.43154
46.27224, -2.985779, 4.184753,-12.688,-10.43154
46.32857, -2.783691, 4.319855,-12.80493,-10.38479
46.38485, -2.783691, 4.319855,-12.80493,-10.38479
46.44151, -2.78511, 4.325363,-12.69155,-10.34794
46.4965, -2.747162, 4.192215,-12.66644,-10.51403
46.55225, -2.747162, 4.192215,-12.66644,-10.51403
46.60773, -2.48819, 4.170197,-12.78809,-10.48978
46.66322, -2.48819, 4.170197,-12.78809,-10.48978
46.71877, -2.523575, 4.273834,-12.79784,-10.32936
46.77437, -2.523575, 4.273834,-12.79784,-10.32936
46.82992, -2.584259, 4.182129,-12.71894,-10.46809
46.88548, -2.584259, 4.182129,-12.71894,-10.46809
46.94099, -2.585754, 4.20401,-12.73796,-10.38188
46.99641, -2.585754, 4.20401,-12.73796,-10.38188
47.0523, -2.682373, 4.239426,-12.74451,-10.43707
47.1075, -2.682373, 4.239426,-12.74451,-10.43707
47.1631, -2.569626, 4.271378,-12.83806,-10.30794
47.21869, -2.569626, 4.271378,-12.83806,-10.30794
47.2742, -2.20192, 4.267883,-12.74944,-10.36692
47.32967, -2.20192, 4.267883,-12.74944,-10.36692
47.38521, -2.357086, 4.196075,-12.84146,-10.45894
47.44082, -2.357086, 4.196075,-12.84146,-10.45894
47.49623, -2.669373, 4.260956,-12.72826,-10.36293
47.55196, -2.669373, 4.260956,-12.72826,-10.36293
47.60748, -2.524612, 4.1073,-12.82828,-10.34294
47.66288, -2.524612, 4.1073,-12.82828,-10.34294
47.71875, -2.332932, 4.321747,-12.8146,-10.24524
47.7742, -2.332932, 4.321747,-12.8146,-10.24524
47.82949, -2.331268, 4.378159,-12.74156,-10.27177
47.88512, -2.174255, 4.324478,-12.89232,-10.34877
47.94061, -2.174255, 4.324478,-12.89232,-10.34877
47.99618, -2.515182, 4.324036,-12.78564,-10.35693
48.05187, -2.515182, 4.324036,-12.78564,-10.35693
48.10736, -2.440475, 4.354706,-12.71996,-10.30688
48.16282, -2.440475, 4.354706,-12.71996,-10.30688
48.21876, -2.336853, 4.378021,-12.8349,-10.30527
48.27411, -2.336853, 4.378021,-12.8349,-10.30527
48.32999, -2.388779, 4.33551,-12.7678,-10.27903
48.38496, -2.388779, 4.33551,-12.7678,-10.27903
48.44061, -2.179886, 4.362503,-12.84401,-10.2493
48.4959, -2.179886, 4.362503,-12.84401,-10.2493
48.55156, -2.374359, 4.395096,-12.76501,-10.26918
48.60712, -2.374359, 4.395096,-12.76501,-10.26918
48.66256, -2.2724, 4.373413,-12.75666,-10.25283
48.71807, -2.2724, 4.373413,-12.75666,-10.25283
48.77358, -2.289474, 4.313339,-12.79563,-10.25194
48.82927, -2.289474, 4.313339,-12.79563,-10.25194
48.8848, -2.190948, 4.429535,-12.72769,-10.24418
48.94024, -2.190948, 4.429535,-12.72769,-10.24418
48.99566, -2.280853, 4.418655,-12.78292,-10.25379
49.05143, -2.280853, 4.418655,-12.78292,-10.25379
49.10698, -2.28302, 4.420639,-12.68655,-10.27763
49.16259, -2.28302, 4.420639,-12.68655,-10.27763
49.21808, -2.215622, 4.299911,-12.68167,-10.3005
49.27349, -2.215622, 4.299911,-12.68167,-10.3005
49.32903, -2.353363, 4.359421,-12.8284,-10.32133
49.38457, -2.353363, 4.359421,-12.8284,-10.32133
49.44012, -2.362747, 4.373474,-12.6454,-10.29451
49.49587, -2.362747, 4.373474,-12.6454,-10.29451
49.55114, -2.23317, 4.364609,-12.66251,-10.31167
49.60675, -2.23317, 4.364609,-12.66251,-10.31167
49.66282, -2.149033, 4.341644,-12.79677,-10.36715
49.71778, -2.149033, 4.341644,-12.79677,-10.36715
49.77327, -1.6819, 4.322601,-12.81387,-10.27949
49.82884, -1.6819, 4.322601,-12.81387,-10.27949
49.88453, -1.589493, 4.237976,-12.68408,-10.40705
49.93996, -1.589493, 4.237976,-12.68408,-10.40705
49.99569, -1.694748, 4.241882,-12.62156,-10.37612
50.05111, -1.694748, 4.241882,-12.62156,-10.37612
50.10667, -1.735458, 4.334091,-12.65854,-10.31046
50.16216, -1.735458, 4.334091,-12.65854,-10.31046
50.21789, -1.659866, 4.277695,-12.55024,-10.26708
50.27317, -1.659866, 4.277695,-12.55024,-10.26708
50.32883, -1.538773, 4.280182,-12.55739,-10.31304
50.38477, -1.731766, 4.38765,-12.64214,-10.29146
50.43977, -1.731766, 4.38765,-12.64214,-10.29146
50.49525, -1.660538, 4.315842,-12.67541,-10.26833
50.55107, -1.660538, 4.315842,-12.67541,-10.26833
50.60637, -1.771393, 4.287125,-12.62802,-10.35687
50.6619, -1.771393, 4.287125,-12.62802,-10.35687
50.7177, -1.698944, 4.302307,-12.59485,-10.35676
50.77306, -1.698944, 4.302307,-12.59485,-10.35676
50.82854, -1.624191, 4.317001,-12.63815,-10.31556
50.88416, -1.624191, 4.317001,-12.63815,-10.31556
50.93967, -1.498245, 4.325012,-12.61305,-10.39178
50.99511, -1.498245, 4.325012,-12.61305,-10.39178
51.05101, -1.552872, 4.297577,-12.61176,-10.38628
51.10647, -1.552872, 4.297577,-12.61176,-10.38628
51.16159, -1.550934, 4.352722,-12.64563,-10.38226
51.21753, -1.550934, 4.352722,-12.64563,-10.38226
51.27325, -1.628754, 4.351563,-12.71474,-10.35932
51.32832, -1.628754, 4.351563,-12.71474,-10.35932
51.38421, -1.448044, 4.327347,-12.66097,-10.36428
51.4395, -1.448044, 4.327347,-12.66097,-10.36428
51.4949, -1.570618, 4.365448,-12.51621,-10.32298
51.55056, -1.570618, 4.365448,-12.51621,-10.32298
51.606, -1.542267, 4.569641,-12.53909,-10.14085
51.66148, -1.542267, 4.569641,-12.53909,-10.14085
51.71704, -1.467941, 4.30954,-12.58342,-10.35522
51.77282, -1.521896, 4.372284,-12.67348,-10.35327
51.8281, -1.521896, 4.372284,-12.67348,-10.35327
51.88374, -1.49411, 4.316437,-12.69086,-10.32725
51.93929, -1.49411, 4.316437,-12.69086,-10.32725
51.99487, -1.667023, 4.365067,-12.62772,-10.35624
52.05042, -1.667023, 4.365067,-12.62772,-10.35624
52.10604, -1.585831, 4.400192,-12.62944,-10.33227
52.16173, -1.585831, 4.400192,-12.62944,-10.33227
52.21706, -1.402405, 4.378906,-12.67539,-10.28428
52.27269, -1.402405, 4.378906,-12.67539,-10.28428
52.32857, -1.393829, 4.30983,-12.66564,-10.29447
52.38398, -1.393829, 4.30983,-12.66564,-10.29447
52.4393, -1.543533, 4.386627,-12.62609,-10.29341
52.49466, -1.543533, 4.386627,-12.62609,-10.29341
52.55031, -1.559845, 4.396545,-12.73564,-10.37523
52.60575, -1.559845, 4.396545,-12.73564,-10.37523
52.66138, -1.805389, 4.413651,-12.73544,-10.32911
52.71677, -1.805389, 4.413651,-12.73544,-10.32911
52.77251, -1.793365, 4.371124,-12.75867,-10.34677
52.82782, -1.793365, 4.371124,-12.75867,-10.34677
52.88339, -1.829193, 4.392365,-12.66747,-10.29829
52.93901, -1.689957, 4.473343,-12.80725,-10.2635
52.9945, -1.689957, 4.473343,-12.80725,-10.2635
53.05028, -1.615128, 4.40062,-12.76398,-10.29983
53.10561, -1.615128, 4.40062,-12.76398,-10.29983
53.16108, -1.723419, 4.41571,-12.80262,-10.25859
53.21657, -1.723419, 4.41571,-12.80262,-10.25859
53.27218, -1.568588, 4.337646,-12.82629,-10.3615
53.32756, -1.568588, 4.337646,-12.82629,-10.3615
53.38319, -1.579025, 4.456223,-12.71029,-10.31687
53.43875, -1.579025, 4.456223,-12.71029,-10.31687
53.49431, -1.543564, 4.379059,-12.63047,-10.30956
53.55021, -1.543564, 4.379059,-12.63047,-10.30956
53.6054, -1.659866, 4.394073,-12.81896,-10.35557
53.66106, -1.659866, 4.394073,-12.81896,-10.35557
53.71649, -1.831268, 4.394226,-12.84941,-10.44636
53.77201, -1.831268, 4.394226,-12.84941,-10.44636
53.82745, -1.650726, 4.505295,-12.64042,-10.2248
53.88324, -1.650726, 4.505295,-12.64042,-10.2248
53.93887, -1.876556, 4.418976,-12.83006,-10.33584
53.99437, -1.876556, 4.418976,-12.83006,-10.33584
54.04961, -1.420822, 4.591858,-12.67574,-10.51585
54.10533, -1.420822, 4.591858,-12.67574,-10.51585
54.16082, -11.35701, 11.98029,-11.25058,-9.911562
54.21624, -11.35701, 11.98029,-11.25058,-9.911562
54.27187, -11.97401, 12.15538,-11.10963,-10.01263
54.32734, -11.97401, 12.15538,-11.10963,-10.01263
54.38293, -12.04338, 12.22038,-11.2041,-9.918099
54.43883, -12.04338, 12.22038,-11.2041,-9.918099
54.49398, -11.95569, 12.15929,-11.27834,-10.0193
54.5496, -11.95569, 12.15929,-11.27834,-10.0193
54.60505, -12.31258, 12.04573,-11.19565,-10.02962
54.6605, -12.31258, 12.04573,-11.19565,-10.02962
54.71614, -12.31294, 12.03508,-11.05431,-10.05576
54.77164, -12.31294, 12.03508,-11.05431,-10.05576
54.82718, -12.26871, 12.11729,-11.08245,-10.01017
54.88262, -12.26871, 12.11729,-11.08245,-10.01017
54.93871, -12.33264, 12.07283,-11.11927,-9.982173
54.99385, -12.24464, 11.99901,-11.1319,-10.13915
55.04939, -12.24464, 11.99901,-11.1319,-10.13915
55.10534, -12.34584, 12.18176,-11.17054,-10.00987
55.16037, -12.34584, 12.18176,-11.17054,-10.00987
55.21598, -12.22876, 12.17583,-10.98692,-10.01974
55.2688, -12.22876, 12.17583,-10.98692,-10.01974
55.3243, -12.22427, 12.08847,-11.01555,-9.993951
55.37981, -12.22427, 12.08847,-11.01555,-9.993951
55.43544, -12.2132, 12.05748,-11.07194,-10.03588
55.49102, -12.2132, 12.05748,-11.07194,-10.03588
55.54655, -12.18471, 12.16002,-11.02598,-10.00778
55.60209, -12.18471, 12.16002,-11.02598,-10.00778
55.65849, -12.17377, 12.12181,-11.13311,-10.10824
55.715, -12.17377, 12.12181,-11.13311,-10.10824
55.77224, -12.12379, 12.06053,-11.06806,-10.13709
55.82703, -12.12379, 12.06053,-11.06806,-10.13709
55.88258, -12.09048, 12.13539,-11.0876,-10.03446
55.93804, -12.09048, 12.13539,-11.0876,-10.03446
55.99352, -12.08618, 12.20766,-11.06461,-10.03386
56.04914, -12.08618, 12.20766,-11.06461,-10.03386
56.10454, -12.10866, 12.25534,-10.99997,-9.926435
56.16003, -12.10866, 12.25534,-10.99997,-9.926435
56.21586, -12.07445, 12.14539,-11.01466,-9.996897
56.2712, -12.07445, 12.14539,-11.01466,-9.996897
56.32666, -12.04816, 12.18239,-11.01398,-10.05581
56.38223, -12.04816, 12.18239,-11.01398,-10.05581
56.4379, -12.0726, 12.22601,-11.09903,-9.971288
56.49318, -12.0726, 12.22601,-11.09903,-9.971288
56.54909, -12.06065, 12.13744,-11.09599,-10.13271
56.60454, -12.02634, 12.1557,-11.1258,-10.11685
56.6599, -12.02634, 12.1557,-11.1258,-10.11685
56.71586, -11.9781, 12.17874,-11.14593,-10.00157
56.77101, -11.9781, 12.17874,-11.14593,-10.00157
56.82644, -11.9774, 12.1739,-11.11695,-10.02656
56.88202, -11.9774, 12.1739,-11.11695,-10.02656
56.93767, -11.95837, 12.12552,-11.07654,-10.08542
56.99304, -11.95837, 12.12552,-11.07654,-10.08542
57.04879, -11.93387, 12.14027,-11.11653,-10.06765
57.10433, -11.93387, 12.14027,-11.11653,-10.06765
57.15963, -11.92567, 12.09453,-11.10448,-9.972714
57.21527, -11.92567, 12.09453,-11.10448,-9.972714
57.27069, -11.97527, 12.15025,-11.07063,-9.98047
57.32628, -11.97527, 12.15025,-11.07063,-9.98047
57.38198, -11.91235, 12.14677,-11.11818,-10.01011
57.43753, -11.91235, 12.14677,-11.11818,-10.01011
57.49292, -11.86229, 12.18848,-11.12851,-9.944934
57.54841, -11.86229, 12.18848,-11.12851,-9.944934
57.60407, -11.84319, 12.15012,-11.07542,-10.08647
57.65953, -11.84319, 12.15012,-11.07542,-10.08647
57.71509, -11.84671, 12.19777,-11.02349,-10.03223
57.77067, -11.84671, 12.19777,-11.02349,-10.03223
57.8261, -11.87209, 12.17632,-11.07845,-10.02445
57.88169, -11.87209, 12.17632,-11.07845,-10.02445
57.93724, -11.84995, 12.24135,-11.13756,-9.92321
57.99302, -11.81073, 12.13704,-11.19123,-10.001
58.0484, -11.81073, 12.13704,-11.19123,-10.001
58.10398, -11.83588, 12.14066,-11.07961,-9.983757
58.15939, -11.83588, 12.14066,-11.07961,-9.983757
58.21496, -11.82704, 12.12622,-11.11041,-9.969949
58.27075, -11.82704, 12.12622,-11.11041,-9.969949
58.326, -11.7294, 11.83517,-11.00955,-10.22547
58.38151, -11.7294, 11.83517,-11.00955,-10.22547
58.43708, -11.74338, 11.92911,-11.04547,-10.1581
58.49273, -11.74338, 11.92911,-11.04547,-10.1581
58.54812, -11.69881, 12.01421,-11.10706,-10.02994
58.60367, -11.69881, 12.01421,-11.10706,-10.02994
58.65917, -11.72855, 11.97491,-11.09085,-10.12201
58.71483, -11.72855, 11.97491,-11.09085,-10.12201
58.77098, -11.67815, 11.96736,-11.08234,-10.17095
58.8259, -11.67815, 11.96736,-11.08234,-10.17095
58.88136, -11.69263, 11.94809,-11.00812,-10.14684
58.93692, -11.69263, 11.94809,-11.00812,-10.14684
58.99277, -11.66406, 11.97728,-11.03845,-10.14503
59.04828, -11.66406, 11.97728,-11.03845,-10.14503
59.10351, -11.67093, 11.9966,-11.0766,-10.08393
59.15902, -11.67093, 11.9966,-11.0766,-10.08393
59.21456, -11.65292, 12.05721,-11.12358,-10.11626
59.27026, -11.65292, 12.05721,-11.12358,-10.11626
59.32558, -11.69916, 11.96999,-11.07275,-10.16995
59.38117, -11.69916, 11.96999,-11.07275,-10.16995
59.43668, -11.65845, 11.98506,-11.09073,-10.1083
59.49228, -11.65845, 11.98506,-11.09073,-10.1083
59.54779, -11.64528, 12.02394,-11.06032,-10.06301
59.60345, -11.64528, 12.02394,-11.06032,-10.06301
59.65895, -11.71169, 11.96773,-11.16053,-10.18612
59.71441, -11.71169, 11.96773,-11.16053,-10.18612
59.77002, -11.61046, 11.97977,-11.16116,-10.13128
59.82543, -11.61046, 11.97977,-11.16116,-10.13128
59.88105, -11.60094, 11.92918,-11.1431,-10.12352
59.93661, -11.60094, 11.92918,-11.1431,-10.12352
59.99208, -11.44879, 11.9828,-10.95813,-10.17889
60.04769, -11.54831, 12.06505,-10.98498,-10.05769
60.10327, -11.54831, 12.06505,-10.98498,-10.05769
60.15884, -11.52902, 12.02559,-11.11901,-9.969389
60.21423, -11.52902, 12.02559,-11.11901,-9.969389
60.26989, -11.45589, 12.00055,-11.14235,-10.03123
60.32544, -11.45589, 12.00055,-11.14235,-10.03123
60.38095, -11.43536, 11.97746,-11.18437,-10.09885
60.4366, -11.43536, 11.97746,-11.18437,-10.09885
60.49201, -11.42088, 12.0226,-11.1935,-9.985598
60.54799, -11.42088, 12.0226,-11.1935,-9.985598
60.60317, -11.41087, 11.91612,-11.06868,-10.15728
60.65897, -11.41087, 11.91612,-11.06868,-10.15728
60.71406, -11.42935, 12.02966,-11.12418,-9.996958
60.77012, -11.42935, 12.02966,-11.12418,-9.996958
60.82513, -11.40814, 11.93715,-11.1306,-10.08576
60.88065, -11.40814, 11.93715,-11.1306,-10.08576
60.93626, -11.47282, 11.90852,-11.01882,-10.15368
60.99178, -11.47282, 11.90852,-11.01882,-10.15368
61.04736, -11.39261, 11.84517,-11.08083,-10.15678
61.10295, -11.39261, 11.84517,-11.08083,-10.15678
61.15881, -11.36911, 11.90149,-11.11911,-10.15009
61.21404, -11.39487, 12.05162,-11.10304,-10.00452
61.2695, -11.39487, 12.05162,-11.10304,-10.00452
61.32504, -11.46733, 11.91805,-11.06812,-10.06438
61.38058, -11.46733, 11.91805,-11.06812,-10.06438
61.43607, -11.35956, 11.85092,-11.13837,-10.17469
61.49159, -11.35956, 11.85092,-11.13837,-10.17469
61.54718, -11.34204, 12.02565,-11.12981,-9.991151
61.60272, -11.34204, 12.02565,-11.12981,-9.991151
61.65831, -11.33479, 11.87859,-11.10574,-10.15642
61.71369, -11.33479, 11.87859,-11.10574,-10.15642
61.76964, -11.40594, 12.02432,-11.09593,-9.958774
61.8248, -11.40594, 12.02432,-11.09593,-9.958774
61.88032, -11.3, 11.99577,-11.17511,-10.05989
61.93608, -11.3, 11.99577,-11.17511,-10.05989
61.99157, -11.29628, 12.01547,-11.15102,-10.04187
62.04716, -11.29628, 12.01547,-11.15102,-10.04187
62.10269, -11.28674, 11.99699,-11.12234,-10.07778
62.15808, -11.28674, 11.99699,-11.12234,-10.07778
62.21352, -11.29225, 11.99211,-11.1973,-10.05904
62.26907, -11.29225, 11.99211,-11.1973,-10.05904
62.32467, -11.2928, 11.90578,-11.15417,-9.987655
62.3802, -11.2928, 11.90578,-11.15417,-9.987655
62.43582, -11.23494, 11.97397,-11.09855,-10.10641
62.4912, -11.23494, 11.97397,-11.09855,-10.10641
62.54683, -11.28511, 12.0442,-11.08134,-10.09158
62.6026, -11.28511, 12.0442,-11.08134,-10.09158
62.65784, -11.29739, 12.07335,-11.04703,-10.00472
62.71336, -11.29739, 12.07335,-11.04703,-10.00472
62.76897, -11.1682, 12.05537,-11.0486,-9.965334
62.82457, -11.1682, 12.05537,-11.0486,-9.965334
62.88007, -11.25278, 12.0148,-11.18197,-10.02198
62.93548, -11.25278, 12.0148,-11.18197,-10.02198
62.99129, -11.2123, 12.05324,-11.14453,-10.03203
63.04672, -11.2123, 12.05324,-11.14453,-10.03203
63.10223, -11.18901, 12.08775,-11.08347,-9.960136
63.15768, -11.18901, 12.08775,-11.08347,-9.960136
63.21321, -11.20212, 11.97166,-11.09659,-10.11301
63.26871, -11.20212, 11.97166,-11.09659,-10.11301
63.32431, -11.207, 11.99678,-11.13972,-10.09783
63.37992, -11.207, 11.99678,-11.13972,-10.09783
63.43536, -11.12517, 11.98169,-11.22405,-10.14241
63.49157, -11.16202, 11.95624,-11.21742,-10.10685
63.54665, -11.16202, 11.95624,-11.21742,-10.10685
63.60197, -11.12206, 12.10497,-11.14808,-10.02653
63.65767, -11.12206, 12.10497,-11.14808,-10.02653
63.71302, -10.88835, 11.97269,-11.21919,-10.07955
63.76849, -10.88835, 11.97269,-11.21919,-10.07955
63.82412, -11.12036, 12.10083,-11.17546,-9.935061
63.8797, -11.12036, 12.10083,-11.17546,-9.935061
63.93509, -11.12445, 12.08116,-11.09056,-9.93668
63.99073, -11.12445, 12.08116,-11.09056,-9.93668
64.0464, -11.04674, 12.27449,-11.01197,-10.09033
64.10181, -11.04674, 12.27449,-11.01197,-10.09033
64.15749, -18.85333, 18.6667,-9.90018,-10.53888
64.21297, -18.85333, 18.6667,-9.90018,-10.53888
64.26841, -19.14336, 18.56725,-9.842441,-10.60399
64.324, -19.14336, 18.56725,-9.842441,-10.60399
64.37949, -18.96995, 18.73015,-9.835635,-10.74378
64.43502, -18.96995, 18.73015,-9.835635,-10.74378
64.49055, -18.95643, 18.83124,-9.965587,-10.48648
64.5431, -18.95643, 18.83124,-9.965587,-10.48648
64.59874, -19.0703, 18.80748,-9.911898,-10.47826
64.65426, -19.0703, 18.80748,-9.911898,-10.47826
64.70967, -18.89091, 18.68176,-9.52612,-10.66588
64.7653, -18.89091, 18.68176,-9.52612,-10.66588
64.8208, -19.1011, 18.69942,-9.912251,-10.6883
64.87625, -19.1011, 18.69942,-9.912251,-10.6883
64.9328, -19.00876, 18.61481,-9.896145,-10.65788
64.98928, -19.05325, 18.77512,-9.935247,-10.39521
65.04563, -19.05325, 18.77512,-9.935247,-10.39521
65.10145, -19.00864, 18.59979,-9.911549,-10.55398
65.15747, -19.00864, 18.59979,-9.911549,-10.55398
65.21259, -19.00896, 18.60838,-9.841906,-10.38873
65.26818, -19.00896, 18.60838,-9.841906,-10.38873
65.32378, -19.05219, 18.5661,-9.858539,-10.51078
65.37933, -19.05219, 18.5661,-9.858539,-10.51078
65.43459, -18.96008, 18.59096,-9.915165,-10.45876
65.49025, -18.96008, 18.59096,-9.915165,-10.45876
65.54577, -19.01228, 18.44093,-9.920485,-10.63006
65.60131, -19.01228, 18.44093,-9.920485,-10.63006
65.65707, -19.02354, 18.6692,-9.975844,-10.26218
65.71234, -19.02354, 18.6692,-9.975844,-10.26218
65.76798, -18.97256, 18.66161,-9.879496,-10.21568
65.82352, -18.97256, 18.66161,-9.879496,-10.21568
65.87914, -18.98025, 18.52953,-10.00851,-10.35696
65.93449, -18.98025, 18.52953,-10.00851,-10.35696
65.99008, -19.02834, 18.65509,-9.98078,-10.37272
66.04567, -19.02834, 18.65509,-9.98078,-10.37272
66.10107, -19.04785, 18.46629,-9.874042,-10.78917
66.15669, -19.04785, 18.46629,-9.874042,-10.78917
66.21217, -18.91856, 18.6423,-9.826891,-10.4439
66.26771, -18.91856, 18.6423,-9.826891,-10.4439
66.3233, -18.95756, 18.5507,-9.854273,-10.54395
66.37881, -18.95756, 18.5507,-9.854273,-10.54395
66.4343, -18.99008, 18.5547,-9.935859,-10.4635
66.48993, -18.99008, 18.5547,-9.935859,-10.4635
66.54549, -18.95607, 18.60197,-10.01066,-10.54573
66.60094, -19.0387, 18.50455,-9.695007,-10.53421
66.65659, -19.0387, 18.50455,-9.695007,-10.53421
66.7122, -18.9964, 18.76611,-9.713219,-10.08269
66.76761, -18.9964, 18.76611,-9.713219,-10.08269
66.82321, -18.93072, 18.61952,-9.833848,-10.28763
66.87888, -18.93072, 18.61952,-9.833848,-10.28763
66.93412, -18.93575, 18.57718,-9.818347,-10.48903
66.98971, -18.93575, 18.57718,-9.818347,-10.48903
67.04528, -19.01783, 18.48557,-9.894601,-10.64161
67.10075, -19.01783, 18.48557,-9.894601,-10.64161
67.15646, -18.93777, 18.59177,-9.864775,-10.36934
67.21198, -18.93777, 18.59177,-9.864775,-10.36934
67.26731, -18.9967, 18.55597,-9.841112,-10.63697
67.32301, -18.9967, 18.55597,-9.841112,-10.63697
67.37842, -18.92265, 18.58508,-9.907517,-10.33675
67.4341, -18.92265, 18.58508,-9.907517,-10.33675
67.48956, -18.90725, 18.57408,-9.877286,-10.35225
67.54511, -18.90725, 18.57408,-9.877286,-10.35225
67.6005, -18.98929, 18.47536,-9.985538,-10.50446
67.65617, -18.98929, 18.47536,-9.985538,-10.50446
67.71198, -18.92768, 18.48602,-9.864847,-10.52051
67.7672, -18.92768, 18.48602,-9.864847,-10.52051
67.82286, -18.92256, 18.48788,-9.824058,-10.50564
67.87838, -18.7787, 18.56767,-9.798261,-10.41792
67.93386, -18.7787, 18.56767,-9.798261,-10.41792
67.98945, -18.90214, 18.59099,-9.959789,-10.37851
68.04509, -18.90214, 18.59099,-9.959789,-10.37851
68.10036, -18.88759, 18.62439,-9.877435,-10.44374
68.156, -18.88759, 18.62439,-9.877435,-10.44374
68.21208, -18.8728, 18.52852,-9.846251,-10.45389
68.26704, -18.8728, 18.52852,-9.846251,-10.45389
68.32281, -18.87064, 18.46867,-9.887977,-10.5591
68.37824, -18.87064, 18.46867,-9.887977,-10.5591
68.4336, -18.93798, 18.65828,-9.844514,-10.32535
68.48924, -18.93798, 18.65828,-9.844514,-10.32535
68.54473, -18.89142, 18.60585,-9.888043,-10.43643
68.60031, -18.89142, 18.60585,-9.888043,-10.43643
68.65572, -18.93607, 18.54602,-9.911622,-10.44238
68.71187, -18.92872, 18.50175,-9.92703,-10.56593
68.76683, -18.92872, 18.50175,-9.92703,-10.56593
68.82237, -18.88333, 18.52658,-9.846386,-10.35397
68.87789, -18.88333, 18.52658,-9.846386,-10.35397
68.93343, -18.9846, 18.56148,-9.837211,-10.32304
68.98901, -18.9846, 18.56148,-9.837211,-10.32304
69.04462, -18.90819, 18.49387,-9.859986,-10.45463
69.10023, -18.90819, 18.49387,-9.859986,-10.45463
69.15567, -18.85377, 18.57074,-9.841465,-10.36184
69.21121, -18.85377, 18.57074,-9.841465,-10.36184
69.26665, -18.92693, 18.60654,-9.926063,-10.25655
69.32228, -18.92693, 18.60654,-9.926063,-10.25655
69.3778, -18.91868, 18.42305,-9.955243,-10.50431
69.43334, -18.91868, 18.42305,-9.955243,-10.50431
69.48895, -19.04276, 18.54759,-9.974333,-10.44771
69.54446, -19.04276, 18.54759,-9.974333,-10.44771
69.59998, -18.8191, 18.47194,-9.865401,-10.3871
69.65547, -18.8191, 18.47194,-9.865401,-10.3871
69.71112, -18.82648, 18.59491,-9.914069,-10.38825
69.76646, -18.82648, 18.59491,-9.914069,-10.38825
69.82201, -18.83469, 18.49017,-9.987909,-10.42321
69.87794, -18.83469, 18.49017,-9.987909,-10.42321
69.93312, -18.87173, 18.45897,-9.930865,-10.47918
69.98875, -18.87173, 18.45897,-9.930865,-10.47918
70.04424, -18.81986, 18.41791,-9.953789,-10.57499
70.09988, -18.81986, 18.41791,-9.953789,-10.57499
70.15546, -18.78168, 18.58449,-9.97307,-10.37621
70.21107, -18.78168, 18.58449,-9.97307,-10.37621
70.26665, -18.85085, 18.4765,-9.950173,-10.4054
70.32203, -18.85085, 18.4765,-9.950173,-10.4054
70.37755, -18.87604, 18.49704,-9.951242,-10.39083
70.43298, -18.87604, 18.49704,-9.951242,-10.39083
70.48878, -18.80862, 18.52356,-10.00812,-10.46456
70.54401, -18.80862, 18.52356,-10.00812,-10.46456
70.5996, -18.65314, 18.49214,-9.924965,-10.51176
70.65532, -18.65314, 18.49214,-9.924965,-10.51176
70.71056, -18.85019, 18.47131,-9.932615,-10.59887
70.76652, -18.80448, 18.51588,-9.817082,-10.41419
70.82179, -18.80448, 18.51588,-9.817082,-10.41419
70.87732, -18.90278, 18.45634,-9.882563,-10.37148
70.93279, -18.90278, 18.45634,-9.882563,-10.37148
70.98845, -18.91057, 18.57857,-9.985395,-10.41434
71.044, -18.91057, 18.57857,-9.985395,-10.41434
71.09951, -18.86781, 18.41643,-9.870634,-10.53663
71.15514, -18.86781, 18.41643,-9.870634,-10.53663
71.21046, -18.82329, 18.56425,-9.96555,-10.33479
71.26753, -18.82329, 18.56425,-9.96555,-10.33479
71.3217, -18.86587, 18.55017,-9.940585,-10.35456
71.37705, -18.86587, 18.55017,-9.940585,-10.35456
71.43272, -18.84969, 18.38342,-9.957967,-10.47559
71.48823, -18.84969, 18.38342,-9.957967,-10.47559
71.54375, -18.77533, 18.36215,-9.938986,-10.75488
71.59927, -18.77533, 18.36215,-9.938986,-10.75488
71.65488, -18.75616, 18.49138,-9.837266,-10.46557
71.71046, -18.75616, 18.49138,-9.837266,-10.46557
71.76595, -18.78185, 18.44035,-9.932373,-10.46572
71.82162, -18.78185, 18.44035,-9.932373,-10.46572
71.87707, -18.76705, 18.44974,-9.887699,-10.54646
71.9325, -18.76705, 18.44974,-9.887699,-10.54646
71.98805, -18.84454, 18.45773,-9.894792,-10.43546
72.04384, -18.84454, 18.45773,-9.894792,-10.43546
72.09921, -18.78677, 18.52957,-9.944207,-10.30001
72.15488, -18.78677, 18.52957,-9.944207,-10.30001
72.21019, -18.80355, 18.47141,-9.946061,-10.31784
72.26576, -18.80355, 18.47141,-9.946061,-10.31784
72.32132, -18.78622, 18.47752,-9.976177,-10.51636
72.37682, -18.78622, 18.47752,-9.976177,-10.51636
72.43235, -18.73975, 18.30669,-9.797606,-10.76708
72.48805, -18.73975, 18.30669,-9.797606,-10.76708
72.54366, -18.75046, 18.38359,-9.9352,-10.56549
72.59906, -18.75046, 18.38359,-9.9352,-10.56549
72.65464, -18.7897, 18.39642,-9.91396,-10.44055
72.71, -18.7897, 18.39642,-9.91396,-10.44055
72.76546, -18.77044, 18.31505,-9.922576,-10.68064
72.82124, -18.77044, 18.31505,-9.922576,-10.68064
72.87659, -18.75037, 18.30545,-9.887591,-10.6806
72.9322, -18.75037, 18.30545,-9.887591,-10.6806
72.98798, -18.80972, 18.34589,-9.984077,-10.78929
73.04324, -18.80972, 18.34589,-9.984077,-10.78929
73.09885, -18.84063, 18.38554,-9.991983,-10.5745
73.15475, -18.80508, 18.52907,-9.924821,-10.40929
73.20985, -18.80508, 18.52907,-9.924821,-10.40929
73.26542, -18.79075, 18.49905,-9.81918,-10.49909
73.32139, -18.79075, 18.49905,-9.81918,-10.49909
73.37659, -18.83493, 18.51253,-9.843702,-10.51236
73.43208, -18.83493, 18.51253,-9.843702,-10.51236
73.48772, -18.8504, 18.61621,-9.976671,-10.3188
73.54308, -18.8504, 18.61621,-9.976671,-10.3188
73.59869, -18.79475, 18.52724,-9.939483,-10.26312
73.65424, -18.79475, 18.52724,-9.939483,-10.26312
73.70986, -18.78677, 18.62209,-9.945167,-10.42612
73.76285, -18.78677, 18.62209,-9.945167,-10.42612
73.81823, -18.78918, 18.60466,-9.867644,-10.26937
73.87382, -18.78918, 18.60466,-9.867644,-10.26937
73.9295, -18.7946, 18.39395,-9.959864,-10.52752
73.98487, -18.7946, 18.39395,-9.959864,-10.52752
74.04064, -18.76842, 18.52473,-9.889836,-10.46522
74.09615, -18.76842, 18.52473,-9.889836,-10.46522
74.15262, -27.56824, 21.38835,-7.746259,-12.84145
74.20896, -27.56824, 21.38835,-7.746259,-12.84145
74.26509, -28.4913, 21.63641,-8.194862,-12.80819
74.32068, -28.4312, 21.53784,-8.091298,-12.92729
74.37615, -28.4312, 21.53784,-8.091298,-12.92729
74.43165, -28.49239, 21.22975,-8.073859,-13.31346
74.48764, -28.49239, 21.22975,-8.073859,-13.31346
74.54272, -28.41382, 21.59212,-8.138628,-12.88191
74.59835, -28.41382, 21.59212,-8.138628,-12.88191
74.65385, -28.50663, 21.42949,-7.988791,-13.06922
74.70945, -28.50663, 21.42949,-7.988791,-13.06922
74.76492, -28.46951, 21.62543,-7.998344,-12.81884
74.82053, -28.46951, 21.62543,-7.998344,-12.81884
74.87597, -28.40621, 21.35588,-7.995191,-13.14489
74.93145, -28.40621, 21.35588,-7.995191,-13.14489
74.98713, -28.50682, 21.3821,-8.031026,-13.14979
75.04275, -28.50682, 21.3821,-8.031026,-13.14979
75.09826, -28.4659, 21.59697,-8.067587,-12.88061
75.15358, -28.4659, 21.59697,-8.067587,-12.88061
75.2094, -28.34421, 21.40088,-8.101118,-13.10743
75.26472, -28.34421, 21.40088,-8.101118,-13.10743
75.32041, -28.35439, 21.3978,-8.05491,-13.05502
75.37607, -28.35439, 21.3978,-8.05491,-13.05502
75.4314, -28.5659, 21.58076,-8.007036,-12.92383
75.48716, -28.5659, 21.58076,-8.007036,-12.92383
75.54238, -28.6735, 21.65805,-7.956008,-12.82761
75.59829, -28.6735, 21.65805,-7.956008,-12.82761
75.6535, -28.52334, 21.15523,-8.033636,-13.39889
75.70905, -28.52334, 21.15523,-8.033636,-13.39889
75.76453, -28.48899, 21.7572,-8.016271,-12.67973
75.82006, -28.48899, 21.7572,-8.016271,-12.67973
75.87594, -28.43338, 21.62555,-8.035572,-12.77883
75.93126, -28.43338, 21.62555,-8.035572,-12.77883
75.98679, -28.39359, 21.16711,-7.995155,-13.3729
76.04224, -28.39359, 21.16711,-7.995155,-13.3729
76.0979, -28.39808, 21.7229,-8.029964,-12.72204
76.1535, -28.52896, 21.51027,-7.962819,-12.96526
76.20889, -28.52896, 21.51027,-7.962819,-12.96526
76.26435, -28.57298, 21.60602,-8.052896,-12.85879
76.31995, -28.57298, 21.60602,-8.052896,-12.85879
76.37563, -28.42719, 21.25127,-8.038852,-13.26333
76.43109, -28.42719, 21.25127,-8.038852,-13.26333
76.48649, -28.45016, 21.42287,-8.027121,-13.07563
76.54206, -28.45016, 21.42287,-8.027121,-13.07563
76.59796, -28.38921, 21.64328,-7.968828,-12.821
76.65314, -28.38921, 21.64328,-7.968828,-12.821
76.70885, -28.53489, 21.56226,-7.962035,-12.88916
76.76427, -28.53489, 21.56226,-7.962035,-12.88916
76.81968, -28.53992, 21.53716,-8.014657,-12.9154
76.8753, -28.53992, 21.53716,-8.014657,-12.9154
76.93111, -28.48291, 21.70703,-8.032824,-12.71926
76.98635, -28.48291, 21.70703,-8.032824,-12.71926
77.04198, -28.45358, 21.09605,-8.016627,-13.4253
77.09753, -28.45358, 21.09605,-8.016627,-13.4253
77.15337, -28.43333, 21.68994,-8.029057,-12.73851
77.20861, -28.43333, 21.68994,-8.029057,-12.73851
77.26405, -28.53559, 21.35287,-7.998066,-13.13023
77.31963, -28.53559, 21.35287,-7.998066,-13.13023
77.37514, -28.53527, 21.84706,-7.863474,-12.47545
77.43075, -28.53527, 21.84706,-7.863474,-12.47545
77.48682, -28.51062, 21.59032,-8.057595,-12.86723
77.54179, -28.51062, 21.59032,-8.057595,-12.86723
77.59733, -28.53397, 21.49385,-7.968444,-12.99943
77.65295, -28.60628, 21.28465,-7.930299,-13.19298
77.70859, -28.60628, 21.28465,-7.930299,-13.19298
77.76391, -28.71219, 21.15445,-8.010983,-13.27373
77.81943, -28.71219, 21.15445,-8.010983,-13.27373
77.87497, -28.72565, 20.6949,-7.920505,-13.92463
77.93073, -28.72565, 20.6949,-7.920505,-13.92463
77.98663, -28.46649, 21.23305,-8.037292,-13.20858
78.04167, -28.46649, 21.23305,-8.037292,-13.20858
78.09706, -28.55463, 21.14085,-8.020926,-13.38709
78.15268, -28.55463, 21.14085,-8.020926,-13.38709
78.20827, -28.55977, 20.99715,-7.977426,-13.5721
78.26379, -28.55977, 20.99715,-7.977426,-13.5721
78.31926, -28.61989, 21.65384,-7.958928,-12.77516
78.37479, -28.61989, 21.65384,-7.958928,-12.77516
78.43059, -28.63092, 21.41331,-7.911919,-13.05863
78.48601, -28.63092, 21.41331,-7.911919,-13.05863
78.54147, -28.62804, 21.83092,-7.972633,-12.55398
78.59691, -28.62804, 21.83092,-7.972633,-12.55398
78.6525, -28.59911, 21.42984,-8.032916,-13.0185
78.70802, -28.59911, 21.42984,-8.032916,-13.0185
78.76346, -28.64021, 21.35025,-7.945887,-13.14446
78.81924, -28.72182, 21.15645,-7.836308,-13.35693
78.87459, -28.72182, 21.15645,-7.836308,-13.35693
78.9302, -28.66618, 21.36563,-7.951583,-13.06107
78.98611, -28.66618, 21.36563,-7.951583,-13.06107
79.04123, -28.71365, 20.98462,-7.885959,-13.54406
79.09671, -28.71365, 20.98462,-7.885959,-13.54406
79.15234, -28.6031, 21.43723,-8.010167,-13.01054
79.20831, -28.6031, 21.43723,-8.010167,-13.01054
79.26344, -28.58464, 21.93604,-7.98862,-12.46129
79.31925, -28.58464, 21.93604,-7.98862,-12.46129
79.37453, -28.60273, 21.15767,-7.999952,-13.35606
79.43008, -28.60273, 21.15767,-7.999952,-13.35606
79.48601, -28.58567, 21.15608,-7.948626,-13.33181
79.54107, -28.58567, 21.15608,-7.948626,-13.33181
79.59666, -28.75304, 21.29012,-7.911261,-13.22585
79.65211, -28.75304, 21.29012,-7.911261,-13.22585
79.70798, -28.70493, 21.79102,-7.967757,-12.62251
79.76336, -28.70493, 21.79102,-7.967757,-12.62251
79.81875, -28.65856, 21.04805,-7.973079,-13.45038
79.87425, -28.65856, 21.04805,-7.973079,-13.45038
79.92992, -28.61018, 21.12669,-7.993831,-13.34267
79.98544, -28.61018, 21.12669,-7.993831,-13.34267
80.04103, -28.66183, 21.79427,-7.852954,-12.5306
80.09649, -28.66183, 21.79427,-7.852954,-12.5306
80.15211, -28.63689, 21.2986,-7.966138,-13.14011
80.2076, -28.63689, 21.2986,-7.966138,-13.14011
80.26311, -28.72318, 21.20963,-8.002378,-13.29208
80.31881, -28.72318, 21.20963,-8.002378,-13.29208
80.37427, -28.64188, 21.37737,-8.033055,-13.06314
80.42972, -28.64188, 21.37737,-8.033055,-13.06314
80.48515, -28.7884, 21.49278,-7.915285,-12.93011
80.5409, -28.7884, 21.49278,-7.915285,-12.93011
80.59629, -28.77169, 21.5386,-7.955847,-12.90448
80.65192, -28.77169, 21.5386,-7.955847,-12.90448
80.70734, -28.66546, 21.58586,-7.927296,-12.80329
80.76298, -28.67937, 21.43759,-7.95968,-12.96586
80.81843, -28.67937, 21.43759,-7.95968,-12.96586
80.87386, -28.86034, 21.16281,-7.934555,-13.30872
80.92944, -28.86034, 21.16281,-7.934555,-13.30872
80.9853, -28.74262, 21.4678,-7.989483,-12.96268
81.04069, -28.74262, 21.4678,-7.989483,-12.96268
81.09611, -28.82733, 21.15666,-7.921889,-13.36815
81.15159, -28.82733, 21.15666,-7.921889,-13.36815
81.20737, -28.79269, 21.87933,-8.02289,-12.46176
81.26268, -28.79269, 21.87933,-8.02289,-12.46176
81.3182, -28.78276, 21.40977,-7.884683,-13.03955
81.37383, -28.78276, 21.40977,-7.884683,-13.03955
81.42943, -28.58437, 21.35513,-7.901939,-13.08509
81.48506, -28.58437, 21.35513,-7.901939,-13.08509
81.5405, -28.69969, 21.33842,-8.008022,-13.05901
81.596, -28.69969, 21.33842,-8.008022,-13.05901
81.65144, -28.75724, 21.52081,-7.979749,-12.86534
81.70702, -28.75724, 21.52081,-7.979749,-12.86534
81.76258, -28.81097, 21.58101,-7.984111,-12.83195
81.81816, -28.92123, 21.43878,-7.899398,-13.01763
81.87369, -28.92123, 21.43878,-7.899398,-13.01763
81.92938, -28.84982, 21.3802,-7.85996,-13.09176
81.98492, -28.84982, 21.3802,-7.85996,-13.09176
82.04039, -28.76301, 21.46938,-7.986199,-12.98749
82.09581, -28.76301, 21.46938,-7.986199,-12.98749
82.15128, -28.7637, 21.28578,-7.963691,-13.19706
82.20689, -28.7637, 21.28578,-7.963691,-13.19706
82.2625, -28.74303, 21.32838,-7.883065,-13.08498
82.3181, -28.74303, 21.32838,-7.883065,-13.08498
82.37358, -28.73078, 21.57805,-7.912425,-12.81954
82.42905, -28.73078, 21.57805,-7.912425,-12.81954
82.48456, -28.72257, 21.43901,-7.923459,-12.98045
82.54009, -28.72257, 21.43901,-7.923459,-12.98045
82.5958, -28.70435, 21.69597,-7.923423,-12.67579
82.65131, -28.70435, 21.69597,-7.923423,-12.67579
82.70671, -28.82131, 21.75333,-7.986983,-12.59789
82.7623, -28.82131, 21.75333,-7.986983,-12.59789
82.81775, -28.97302, 21.40526,-7.921922,-13.01195
82.8823, -28.97302, 21.40526,-7.921922,-13.01195
82.93668, -28.96925, 21.49609,-7.894316,-12.85726
82.99258, -28.81268, 21.53673,-7.905781,-12.79551
83.04781, -28.81268, 21.53673,-7.905781,-12.79551
83.10323, -29.02269, 21.70403,-7.870688,-12.74354
83.15904, -29.02269, 21.70403,-7.870688,-12.74354
83.21431, -28.68262, 21.32611,-7.934006,-13.15681
83.27039, -28.68262, 21.32611,-7.934006,-13.15681
83.32703, -28.91476, 21.49463,-7.989825,-12.8692
83.38344, -28.91476, 21.49463,-7.989825,-12.8692
83.43987, -28.8034, 21.6859,-7.93767,-12.66085
83.49535, -28.8034, 21.6859,-7.93767,-12.66085
83.55099, -28.92638, 21.63042,-7.851563,-12.72029
83.60677, -28.92638, 21.63042,-7.851563,-12.72029
83.6622, -28.69186, 21.47304,-7.961806,-12.93181
83.71754, -28.69186, 21.47304,-7.961806,-12.93181
83.77312, -28.78245, 21.78665,-7.976826,-12.58663
83.82858, -28.78245, 21.78665,-7.976826,-12.58663
83.88416, -28.8824, 21.58188,-7.926417,-12.81441
83.93971, -28.91454, 21.34332,-7.809968,-13.04581
83.99516, -28.91454, 21.34332,-7.809968,-13.04581
84.05067, -28.90894, 21.57257,-7.914227,-12.79693
84.10644, -28.90894, 21.57257,-7.914227,-12.79693
84.16197, -4.259506, 6.565201,-12.63897,-10.47922
84.21745, -4.259506, 6.565201,-12.63897,-10.47922
84.27299, -0.1443787, 4.116379,-12.7959,-10.28812
84.32839, -0.1443787, 4.116379,-12.7959,-10.28812
84.38391, -0.1570892, 4.023895,-12.84183,-10.52231
84.43941, -0.1570892, 4.023895,-12.84183,-10.52231
84.49505, -0.1870728, 3.945404,-12.70369,-10.52753
84.55066, -0.1870728, 3.945404,-12.70369,-10.52753
84.60612, -0.2014771, 3.961517,-12.76467,-10.47947
84.66173, -0.2014771, 3.961517,-12.76467,-10.47947
84.71722, -0.4950104, 3.957932,-12.70076,-10.44438
84.77274, -0.4950104, 3.957932,-12.70076,-10.44438
84.82822, -0.1781311, 3.941055,-12.73742,-10.49107
84.88416, -0.1781311, 3.941055,-12.73742,-10.49107
84.93927, -0.2493591, 3.989609,-12.7967,-10.53442
84.99483, -0.2493591, 3.989609,-12.7967,-10.53442
85.05058, -0.1785126, 4.106659,-12.80991,-10.43334
85.10587, -0.1785126, 4.106659,-12.80991,-10.43334
85.16151, -0.3579865, 4.053741,-12.60629,-10.44629
85.21702, -0.3579865, 4.053741,-12.60629,-10.44629
85.27253, -0.2536163, 3.977554,-12.58276,-10.50225
85.32811, -0.2536163, 3.977554,-12.58276,-10.50225
85.3836, -0.3924103, 4.04068,-12.70318,-10.55727
85.4393, -0.5563812, 4.076279,-12.54563,-10.43353
85.49479, -0.5563812, 4.076279,-12.54563,-10.43353
85.55046, -0.1568146, 4.001068,-12.61198,-10.40878
85.60584, -0.1568146, 4.001068,-12.61198,-10.40878
85.66135, -0.405899, 4.002457,-12.62162,-10.44743
85.71683, -0.405899, 4.002457,-12.62162,-10.44743
85.77228, -0.2238312, 3.951172,-12.71364,-10.50057
85.82796, -0.2238312, 3.951172,-12.71364,-10.50057
85.88333, -0.1806183, 3.978241,-12.69273,-10.45914
85.93887, -0.1806183, 3.978241,-12.69273,-10.45914
85.99451, -0.2418671, 4.022324,-12.64252,-10.40309
86.05016, -0.2418671, 4.022324,-12.64252,-10.40309
86.10564, -0.4576416, 4.058807,-12.64878,-10.49275
86.16135, -0.4576416, 4.058807,-12.64878,-10.49275
86.21712, -0.4639587, 4.067551,-12.70191,-10.47674
86.27221, -0.4639587, 4.067551,-12.70191,-10.47674
86.32803, -0.2539368, 4.023987,-12.73251,-10.59769
86.38332, -0.2539368, 4.023987,-12.73251,-10.59769
86.43886, -0.3603058, 4.018356,-12.66201,-10.46173
86.49435, -0.3603058, 4.018356,-12.66201,-10.46173
86.54985, -0.2686005, 4.011719,-12.51382,-10.55194
86.60542, -0.2686005, 4.011719,-12.51382,-10.55194
86.66089, -0.2904663, 4.0336,-12.63301,-10.52545
86.71683, -0.2904663, 4.0336,-12.63301,-10.52545
86.77201, -0.5527496, 4.061981,-12.56001,-10.41863
86.82763, -0.5527496, 4.061981,-12.56001,-10.41863
86.88316, -0.05244446, 4.030457,-12.66335,-10.51633
86.93864, -0.05244446, 4.030457,-12.66335,-10.51633
86.99422, -0.2979126, 4.063232,-12.70647,-10.52657
87.05016, -1.793198, 2.053375,-13.56658,-11.8726
87.10574, -0.3218689, 4.024323,-12.68287,-10.42523
87.16103, -0.3205719, 4.022827,-12.71299,-10.45557
87.21658, -0.109024, 4.019882,-12.75429,-10.59038
87.2721, -0.289566, 4.038681,-12.75731,-10.52316
87.32751, -0.2884064, 4.038071,-12.80624,-10.56695
87.38286, -0.2310638, 4.003922,-12.68486,-10.5273
87.43851, -0.2311401, 4.003952,-12.63683,-10.48086
87.49412, -0.1086121, 4.136429,-12.70068,-10.48771
87.54968, -0.1074066, 4.136063,-12.69613,-10.4811
87.60516, -0.3450775, 4.126572,-12.69368,-10.51412
87.66084, -0.3452454, 4.126556,-12.68965,-10.51105
87.71617, -0.3679657, 4.094543,-12.68655,-10.52544
87.77163, -0.3674622, 4.094254,-12.69969,-10.53718
87.82754, -0.04724121, 4.116058,-12.58906,-10.46384
87.88264, -0.04708862, 4.116119,-12.60985,-10.48561
87.93828, -0.3128357, 4.051514,-12.71081,-10.53447
87.99422, -0.3127747, 4.051498,-12.71383,-10.53758
88.04939, -0.407547, 4.026627,-12.6891,-10.57214
88.10492, -0.4074554, 4.026566,-12.68257,-10.56585
88.16066, -0.5942841, 4.106613,-12.66991,-10.51788
88.21605, -0.5942688, 4.106552,-12.66541,-10.51333
88.27161, -0.3608246, 4.035202,-12.52977,-10.48231
88.32716, -0.3610382, 4.0354,-12.52328,-10.47509
88.38274, -0.3879852, 4.036087,-12.62798,-10.46083
88.43817, -0.3878326, 4.036011,-12.62471,-10.45795
88.49397, -0.4484863, 4.102097,-12.6686,-10.4767
88.54916, -0.4487305, 4.101974,-12.68091,-10.48818
88.60477, -0.5030823, 4.06514,-12.60017,-10.53934
88.66038, -0.5033112, 4.065292,-12.59405,-10.5345
88.71581, -0.2781372, 4.073181,-12.53859,-10.47486
88.77136, -0.2782745, 4.07309,-12.5439,-10.48094
88.82696, -0.2167816, 4.119339,-12.70975,-10.47515
88.88241, -0.2169189, 4.119431,-12.70437,-10.47035
88.93796, -0.1562347, 4.141953,-12.61384,-10.41855
88.99371, -0.134079, 4.049789,-12.59423,-10.42725
89.04909, -0.1339417, 4.049805,-12.59416,-10.4276
89.10456, -0.3922424, 3.955826,-12.71173,-10.56597
89.16093, -0.3922882, 3.955917,-12.71641,-10.57035
89.21561, -0.3322906, 4.146011,-12.63288,-10.37409
89.27115, -0.3321991, 4.145966,-12.64199,-10.38282
89.32701, -0.05203247, 4.119278,-12.59114,-10.45317
89.3825, -0.05221558, 4.119431,-12.58776,-10.45017
89.43786, -0.4855347, 4.123215,-12.67817,-10.4968
89.49351, -0.4857025, 4.123383,-12.68531,-10.50388
89.54893, -0.4559479, 4.220184,-12.57471,-10.51993
89.60453, -0.4557648, 4.220078,-12.57284,-10.51739
89.66029, -0.1032257, 4.102005,-12.71084,-10.51659
89.71632, -0.1034241, 4.102051,-12.70718,-10.51442
89.77373, -0.01383972, 4.082306,-12.74312,-10.51533
89.82784, -0.05831909, 4.139114,-12.73674,-10.534
89.88395, -0.05813599, 4.139069,-12.72796,-10.52482
89.93877, -0.5390015, 4.135284,-12.78589,-10.4258
89.99441, -0.5388031, 4.135132,-12.78241,-10.42237
90.05539, -0.2254333, 4.091293,-12.66142,-10.44614
90.11203, -0.2254944, 4.091202,-12.66162,-10.44747
90.16684, 0.06201172, 4.045654,-12.68773,-10.53397
90.2223, 0.0617981, 4.045746,-12.68275,-10.53051
90.27789, -0.3157806, 4.121124,-12.64582,-10.51427
90.33292, -0.3157959, 4.121185,-12.65443,-10.52242
90.38906, -0.2676697, 4.068649,-12.72947,-10.54167
90.44611, -0.2675476, 4.06871,-12.72732,-10.53952
90.50337, -0.005722046, 4.102859,-12.70106,-10.49256
90.55991, -0.1827393, 4.097961,-12.60897,-10.46815
90.61594, -0.1830292, 4.09819,-12.60201,-10.46257
90.67141, -0.1196594, 4.077866,-12.6804,-10.53505
90.72725, -0.1197052, 4.077957,-12.66922,-10.52489
90.78298, -0.3088837, 4.130127,-12.66878,-10.4634
90.83742, -0.3086853, 4.129974,-12.67578,-10.46974
90.89301, 0.0289917, 4.083832,-12.69178,-10.46729
90.94852, 0.02877808, 4.084,-12.68608,-10.46265
91.00399, -0.1987, 4.143219,-12.7575,-10.53397
91.05958, -0.1990814, 4.143402,-12.76318,-10.54039
91.11508, 0.01751709, 4.166138,-12.65266,-10.54552
91.17069, 0.01754761, 4.166031,-12.66261,-10.55492
91.22626, -0.1146851, 4.018768,-12.65703,-10.55871
91.28165, -0.1144867, 4.018936,-12.65066,-10.55324
91.33727, -0.2428589, 4.145325,-12.76087,-10.47406
91.38772, -0.2429657, 4.145432,-12.75436,-10.4679
91.44474, -0.2999115, 4.145432,-12.63354,-10.47994
91.50012, -0.2996674, 4.145493,-12.63385,-10.48145
91.55564, -0.1705475, 4.147736,-12.57573,-10.55968
91.61117, -0.170639, 4.14772,-12.58219,-10.56515
91.66679, -0.1095581, 4.208496,-12.66367,-10.50644
91.72233, -0.1094208, 4.208496,-12.66388,-10.50727
91.77869, -0.2801208, 4.139511,-12.63613,-10.49953
91.83524, -0.08508301, 4.14064,-12.63289,-10.46444
91.89189, -0.08482361, 4.140717,-12.6392,-10.47024
91.94823, -0.4668274, 4.112518,-12.69626,-10.57227
92.00471, -0.4666138, 4.112411,-12.70033,-10.57503
92.0593, -0.1666412, 4.073532,-12.71179,-10.56854
92.11493, -0.1665955, 4.073593,-12.70866,-10.56538
92.17031, -0.2597046, 4.063583,-12.73234,-10.49211
92.22623, -0.2598572, 4.063644,-12.73503,-10.49501
92.28135, -0.08598328, 4.114258,-12.73404,-10.54734
92.33693, -0.08598328, 4.114426,-12.72941,-10.54271
92.39323, -0.01205444, 4.170868,-12.64039,-10.50861
92.448, -0.01202393, 4.17099,-12.63209,-10.50023
92.50368, -0.3016357, 4.263199,-12.69472,-10.4696
92.55925, -0.3018188, 4.263214,-12.706,-10.48049
92.63614, 0.04350281, 4.154175,-12.63726,-10.55026
92.68717, -0.03808594, 4.186142,-12.6854,-10.54595
92.74191, -0.03804016, 4.186066,-12.68951,-10.54909
